0,1,2,3,4,5,6,7,8,9,10,11,12,13,14,15,16,17,18,19,20,21,22,23,24,25,26,27,28,29,30,31,32,33,34,35,36,37,38,39,40,41,42,43,44,45,46,47,48,49,50,51,52,53,54,55,56,57,58,59,60,61,62,63,64,65,66,67,68,69,70,71,72,73,74,75,76,77,78,79,80,81,82,83,84,85,86,87,88,89,90,91,92,93,94,95,96,97,98,99,100,101,102,103,104,105,106,107,108,109,110,111,112,113,114,115,116,117,118,119,120,121,122,123,124,125,126,127,128,129,130,131,132,133,134,135,136,137,138,139,140,141,142,143,144,145,146,147,148,149,150,151,152,153,154,155,156,157,158,159,160,161,162,163,164,165,166,167,168,169,170,171,172,173,174,175,176,177,178,179,180,181,182,183,184,185,186,187,188,189,190,191,192,193,194,195,196,197,198,199,200,201,202,203,204,205,206,207,208,209,210,211,212,213,214,215,216,217,218,219,220,221,222,223,224,225,226,227,228,229,230,231,232,233,234,235,236,237,238,239,Label
-445.26556,68.24452,11.126638,10.814163,-6.1898,24.051048,-14.393686,5.985425,-4.7001143,9.961876,-2.6583905,2.4129932,-6.79533,2.0923584,-1.624527,-3.1525407,-6.099305,-0.2702905,-2.9374347,1.578555,-5.277006,0.95729125,-1.6217752,-2.8048587,-5.3028607,-2.576454,-0.44857854,0.9694699,-2.504109,-0.23919642,-2.5308595,0.41488564,-2.3696592,-0.42689466,-3.1635551,-1.6201035,-2.4797878,-2.6648257,-0.9927753,-2.468275,0.45724463,3.3130846,0.59450394,1.7572452,0.19838676,0.053267196,0.6841774,-0.8096256,0.12707068,-0.5356108,0.39289463,-0.8765359,-0.60494643,0.6047567,-0.09633024,-0.11350713,0.038837507,-0.5035514,0.33184192,-0.24118601,-0.07131339,-0.12756914,-0.014348775,0.034466144,0.22003826,0.2734725,-0.38484204,-0.36374938,0.215644,-0.13876116,0.19147107,0.09465858,0.029221283,-0.022718895,0.44975615,0.0020686705,0.09594267,0.03838065,-0.07944223,-0.28418645,2.480506,0.2514453,0.23722324,-0.5920507,-0.09270207,0.2583732,-0.003375288,0.05964706,0.068004616,-0.2444244,-0.119761795,-0.49520114,-0.030516706,-0.24017632,0.050806485,0.04965284,0.14689222,-0.1878712,-0.07180871,-0.2888853,-0.03661054,-0.07256879,0.08831672,0.33465943,-0.10925338,-0.040401332,0.28130764,0.0880305,0.22755057,0.095053636,0.2325254,0.076424286,-0.03975617,0.10991711,0.16967179,0.0026446655,0.029138513,-0.19761443,-0.18385935,0.07133737,60.430786,29.070404,16.48603,15.377257,6.339835,6.24336,12.594271,13.420408,3.7774858,9.615323,7.813384,8.812142,7.60992,5.6826777,4.0621386,5.5543394,7.8223705,6.890127,6.366955,6.1003227,4.3628316,3.1750596,3.2061105,4.0233483,3.276559,4.697025,4.4492407,4.188758,3.2643619,3.3263795,4.067035,2.3097522,2.5971057,2.7270424,4.4150653,2.681303,2.561272,3.1943426,2.9719684,3.3639781,15.16245,4.707083,3.2119327,3.384574,1.381794,1.2451738,2.7313454,2.1774783,0.7250377,2.1446104,1.775569,1.8732741,1.5892222,0.8429832,0.7794707,0.9225331,1.5868979,1.5837064,1.3085567,1.5660874,0.6005537,0.46075737,0.5497641,0.7766997,0.64356244,1.0241276,0.8258827,0.95358664,0.5510717,0.60928744,0.7416569,0.3644099,0.49263087,0.49941713,0.8391246,0.4704019,0.50767976,0.70062214,0.57904583,0.41286853,9.655473,3.5911355,0.58226734,1.8541156,0.71312404,0.73558414,1.1135343,0.41319257,0.5880617,0.57341456,0.8045333,0.8720811,0.49447986,0.61980504,0.45378324,0.48774788,0.86808866,0.5109195,0.48878306,0.41827232,0.5525488,0.39512518,0.46247512,0.72241676,0.40367284,0.60846996,0.5908071,0.59806544,0.4817203,0.34922862,0.724452,0.37900996,0.44179717,0.4749704,0.53742284,0.35163346,0.47770733,0.4383765,0.49742192,0.42686263,Do_The_Mung
-417.5686,79.403305,11.825077,15.629686,-8.374423,21.787031,-14.191065,15.64387,-1.7850081,9.682268,-4.504319,2.8924153,0.5096487,1.4295958,-1.7744126,-0.8147322,-3.7385635,-1.3757706,-5.561925,1.1554554,-3.9275653,0.5813291,-7.158043,-1.8646047,-4.094722,2.2252557,-2.329381,0.52114683,-2.5531046,0.18981093,-2.2195907,-0.004302785,-2.2166452,-1.3118169,-3.8473666,-1.7501895,-1.0721666,1.5134704,-3.0745974,-1.4794123,6.3465962,2.5872684,0.84988034,-1.3114505,0.61221886,0.5908153,-1.1389537,0.17815614,-0.3394152,0.8582638,-0.307864,-1.2440094,-0.075695865,-1.0612962,-0.3638096,-0.89760506,-0.58708084,0.21470948,0.21353403,0.056187965,-0.49491253,-0.3075537,-0.9316797,-0.40549713,0.100482665,0.20573932,-0.31832594,0.16377565,0.11542204,0.23226933,-0.3698657,-0.12883598,-0.019423187,-0.023074917,0.2504843,-0.123463646,-0.27253413,-0.054219987,-0.24891745,-0.4504224,-1.6217868,-0.73121494,0.13906342,0.39581886,0.11718806,0.011044651,0.39842135,0.28269815,0.19207227,0.14987771,0.102672935,0.20486683,-0.2337319,0.19486302,0.51362157,0.080174305,0.0126057975,0.026901253,-0.09779699,0.027892377,0.28598213,-0.16449845,0.3113579,0.081040904,0.16582161,-0.12535825,0.100680485,0.08581546,-0.016745605,-0.063172646,0.09479804,-0.17257431,-0.09231065,-0.06187641,-0.021699496,-0.06794268,0.045637045,-0.16329432,0.08368015,0.04353383,102.535286,37.236694,12.899434,18.7559,6.771221,8.12531,14.5272255,9.346776,4.1414514,9.120474,4.0632725,9.308838,6.886948,8.36684,7.842714,7.957503,7.2436523,3.2988932,4.5070333,5.345049,5.988953,5.895514,8.255933,4.2348013,3.4804623,3.6769042,3.8701365,3.475981,3.3824065,2.3554976,4.9279675,3.0408025,3.6104388,3.2202013,3.578114,3.384436,4.025292,4.420324,4.611233,3.3348622,17.704546,5.493311,2.3459008,2.8272727,1.461608,1.7634993,2.0552025,2.4523711,0.66806334,1.2102965,0.74773574,1.4740348,1.3042574,1.582387,1.5781119,1.1118084,1.0517584,0.49778265,0.83999646,0.87280643,1.0324321,1.2454166,1.1276568,0.43762103,0.4856316,0.62630874,0.55850554,0.58682305,0.4574385,0.45506126,1.0653225,0.57766294,0.8257003,0.6356473,0.4687251,0.5149477,0.7154428,0.8743828,0.97488606,0.7985407,10.422362,3.363746,1.224843,1.6053855,1.0593468,0.9285462,1.5114859,1.0223595,0.51657605,1.1056675,0.5557349,0.7117399,0.84905696,0.8518762,1.0661397,0.3994195,0.5289414,0.35454205,0.68043363,0.5093386,0.8299439,0.9139803,1.0064805,0.5344573,0.5566196,0.54608005,0.41748708,0.39621085,0.45201495,0.2443291,0.64133626,0.5321543,0.4773576,0.4184808,0.38340715,0.5287515,0.61431265,0.6157667,0.7786707,0.36490437,Do_The_Mung
-467.91278,65.22148,14.423745,28.740074,0.6383268,17.730522,-0.5486725,12.095308,-7.411006,4.4032116,-4.3376865,2.7771528,-7.1803484,3.6847506,-3.0752459,1.6023759,-2.7530384,0.41890743,-7.1491575,0.14059621,-3.8860514,0.3983535,-2.659629,1.6100215,-3.5094905,-0.36926293,-3.6519268,-0.512236,-3.9934237,-0.58137494,-2.8849974,0.23524565,-2.0380762,-0.5712997,-4.1168957,-0.47855905,-3.0425305,-0.90896803,-1.3237901,-1.0791256,-6.304174,-1.4804204,-0.69377446,-0.052053615,-0.16147326,-0.27474642,0.20233557,-0.55236596,0.0884286,-0.14364411,0.35666758,-0.21885058,-0.009924049,0.22796947,0.5350424,0.31759894,0.009351693,0.43290207,0.5585187,0.27916372,0.14461456,0.3005925,0.064071804,0.31413662,0.069044515,-0.055073164,-0.10185215,-0.032853626,0.0035590455,0.1174749,0.20306408,0.24544175,0.091379665,0.00022438541,0.17048837,0.31313038,0.0842998,0.18265723,-0.021179348,0.10717574,0.7630035,0.6204834,0.27952337,0.05848042,0.2557159,0.25498414,0.09239821,0.048066273,-0.08220849,0.029236883,0.08223624,-0.14144059,-0.010132793,-0.10822033,0.2109065,0.12100602,0.20703496,-0.10691447,-0.0081567615,-0.051036727,0.036226258,-0.079646096,0.06718712,0.0968599,0.21726538,0.05173419,-0.09478895,-0.12692788,-0.00070195645,0.0012954958,0.04908906,0.09081254,0.12643456,0.12410043,0.058377862,0.008141659,0.061195612,-0.117952816,0.15293095,0.11721822,55.20545,17.195637,7.6381416,4.1125693,4.893925,7.8617563,2.8974905,5.1695347,3.7665825,2.8516555,5.7599883,3.4767272,3.9301944,4.184583,5.0812607,4.861157,3.5586138,4.5074387,5.8060865,3.9081454,3.6538508,3.2782857,3.8482413,4.0213246,4.268178,2.9460666,2.7609806,2.85383,2.8380473,2.420112,3.1444724,3.6709416,2.4596765,2.596109,2.350336,3.2517838,2.1953833,4.02015,2.9530032,2.7444963,9.581374,3.410724,1.3387583,0.8718441,0.9672801,1.6452456,0.37809515,0.4084823,0.8135276,0.39695734,0.6639742,0.5610108,0.726404,1.008728,0.8690093,1.0467807,0.56642526,0.70594025,0.5476556,0.5188015,0.571039,0.6240168,0.80035734,0.7315648,0.9215563,0.53010255,0.51611394,0.56430626,0.4723189,0.31002137,0.51542926,0.5320807,0.3241226,0.32690597,0.27299166,0.44924694,0.27830812,0.6242767,0.25311288,0.4686691,2.1172998,1.1721483,0.76432365,0.50105226,0.6738589,0.50368273,0.46026906,0.606242,0.39319366,0.33259583,0.5166413,0.43987152,0.3229302,0.33333403,0.782403,0.58198893,0.6475915,0.45022765,0.45237204,0.25850108,0.50477797,0.41952696,0.6801242,0.53547305,0.62188905,0.27152693,0.4561585,0.3689352,0.4897504,0.27693123,0.45274454,0.407847,0.4488186,0.30844125,0.36442274,0.519261,0.31125855,0.3169336,0.41612878,0.41740713,Do_The_Mung
-412.24323,62.13059,28.611866,33.10762,-4.561781,14.884265,-8.908138,11.945045,-12.000753,1.5216336,-3.8036792,-0.74825263,-3.987761,-0.37636772,-1.1729982,3.3645139,-8.150402,-4.5564833,-5.950317,-2.7325845,-6.9259973,-0.84657735,-4.6576953,-0.40541616,-4.89679,-2.7598605,-2.527986,0.3523845,-1.4235114,-0.14850101,-5.07255,-0.9217242,-3.1484632,-3.5429745,-6.053787,-2.5860417,-3.061412,-1.5062015,-4.6352334,-0.8536743,-6.4035716,0.93699074,-0.7330965,0.4850303,1.0973827,-0.6434151,0.60545766,0.11274872,0.09945147,0.4722774,-0.05039029,0.1829822,-0.17867255,0.32279462,0.23021102,-0.16816735,0.62533104,0.16560534,-0.28272346,0.16434664,-0.08663286,-0.21166465,0.28550062,-0.024791032,0.27492186,0.12707543,0.026522249,-0.034165084,0.23017175,-0.20038253,0.40110198,0.0023101475,0.08215,-0.12473582,0.09713094,0.11766578,-0.010996489,0.09628251,0.055149935,-0.18467644,-0.86702144,-0.6841662,-1.2279547,-0.81083083,-0.046155773,-0.030344933,0.041883424,0.1189114,0.18887839,0.033313297,0.26101848,0.2043687,0.05731246,0.3371103,-0.12056439,-0.039450668,0.25898346,-0.16821298,-0.19644186,0.03841619,0.09084047,-0.031696066,-0.032440767,0.23255482,0.08705239,0.1476288,0.09244097,0.06313193,0.06480029,0.025433533,0.13650641,0.08373685,0.10675572,0.17584643,0.08215961,-0.010716327,-0.027719751,0.033931572,0.06834764,0.0025353916,86.6144,26.278978,23.42164,13.093222,10.478671,5.9269586,7.821961,4.158024,11.118399,4.4292235,6.0850134,7.069503,3.4480217,8.44346,4.127068,5.2744646,8.263578,6.4727335,6.3773313,3.2750194,5.577798,4.688625,4.7772937,5.4325647,3.4017017,4.7392173,4.051461,2.9329708,4.871468,3.2046213,6.106615,2.4775312,3.3892303,4.1233635,3.3762076,3.8430495,4.309634,2.4225862,3.8494322,3.8984656,8.011302,6.449938,3.8863156,2.1031487,2.2053113,1.0336746,0.78130686,0.95428556,2.193652,0.5933711,1.0423578,1.4301636,0.61712825,1.5856456,0.8944924,1.1226773,1.1546084,1.0999781,1.4175634,0.48189592,1.0878258,0.94929725,0.5255827,0.96085227,0.7925297,0.9835318,0.94573945,0.63860327,0.63448745,0.421632,1.0710665,0.37449405,0.5937949,0.8845264,0.54260534,0.67502,0.9002565,0.48866028,0.7265028,1.0550907,3.4924679,1.6587121,2.624323,1.7301714,1.0492505,0.7769657,0.5716539,0.6500062,1.11668,0.6932535,0.8096748,0.6693204,0.3833446,0.8777678,0.75829715,0.5365812,0.6937168,0.7315697,0.90533376,0.36202398,0.5588822,0.4464485,0.4454457,0.5831919,0.46210265,0.6745315,0.46340537,0.38857886,0.30359548,0.33280724,0.4486029,0.29981962,0.40221718,0.6085354,0.30336106,0.3922728,0.3645065,0.30125794,0.36144447,0.5330566,Do_The_Mung
-251.57562,135.65662,5.2787957,-8.980087,3.331157,-2.984645,-2.0549726,7.2919607,-11.380398,2.831153,-12.667781,-4.6989756,-14.979969,-2.640864,-5.0582647,-2.473609,-7.6889453,-3.561241,-9.783076,-4.1724176,-3.939933,-1.2825303,-4.881545,-9.198301,-2.925263,-7.156247,-5.738267,-6.1528015,-2.9753766,-4.9447556,-5.754865,-2.9527962,-3.308029,-3.461293,-1.3161464,0.8589797,-1.7406039,3.7138858,-3.2116838,-2.4521413,0.5484044,1.5888591,1.53966,-1.0765793,0.6536674,0.32955635,-1.313416,0.36909178,-0.16495204,0.43680903,0.378237,-0.19216412,0.66455907,0.112575814,0.4139831,-0.02520055,0.32905334,-0.31060925,-0.53982,-0.07537232,-0.6851501,0.20741321,-0.15959707,0.03863311,0.6229466,-0.32858235,0.17220557,-0.049144514,-0.1534231,0.114869304,0.1648832,0.07988019,-0.030011997,-0.36377612,-0.34335077,-0.42230073,-0.64625883,-0.48582542,-0.28848475,-0.3058445,-2.3779843,-1.6014118,-1.186054,1.3435159,0.68247676,-0.29237586,-0.11395665,0.630774,0.64602834,0.17020643,0.014953822,0.4033772,0.47708386,0.1416122,0.16103709,-0.1783187,-0.17804864,0.15051207,0.22812697,0.01190687,0.49888662,0.3123718,0.11424878,0.075566776,0.14394377,-0.086827286,0.24543342,0.03678416,0.27780503,0.22389388,0.42270982,0.07457787,-0.098344326,-0.33899873,-0.20047277,-0.42493972,-0.24874888,-0.3537321,-0.19265646,0.043074556,79.86766,41.553223,24.801826,24.503094,19.777052,10.389776,12.190779,9.212731,11.874958,7.313939,10.244101,7.6208434,9.96408,6.883418,8.415225,5.0902953,9.384856,5.967614,7.819509,5.367966,8.774706,5.172655,5.2196455,5.9884014,5.8252053,4.2958217,5.6061726,4.0140605,5.303025,4.970599,4.54758,4.363342,4.04808,6.252269,7.6009035,9.950191,12.748346,11.476337,7.870331,4.757266,16.831207,8.281627,4.7415333,5.4069886,4.1390734,2.1851702,1.4109188,1.3078644,2.486653,1.0877717,1.5371916,1.7362022,1.6867442,0.9768923,1.680759,0.87823796,1.951627,1.0289401,1.084365,0.97186476,1.7551959,0.84113806,0.7986979,0.97055143,1.1984158,0.5986651,1.3169456,0.6775356,0.97636634,0.9055809,0.9744364,1.0527886,0.7429307,0.8171526,1.2675456,1.8609722,1.9659606,1.8048167,1.4188409,0.46714264,13.213231,5.204923,3.7623363,4.7431955,2.6883283,1.3892195,0.93568635,1.5987295,2.0544324,0.731787,2.2774177,1.1825737,1.8273901,0.8803929,1.0386592,0.5097518,0.9431674,0.7446994,0.93661404,0.7344874,1.4822227,0.8220779,0.5650871,1.2199988,0.49608123,0.5532393,0.68235284,0.67410797,0.80906147,0.66316116,0.8007989,0.4330185,0.41889414,0.7717902,1.1552523,1.3170309,1.5504711,1.439234,0.7971348,0.46081403,Do_The_Mung
-257.78552,115.81593,23.722744,2.363789,10.260678,1.4856964,-10.382156,14.997185,-16.503906,1.0287635,-17.489786,-5.9627266,-11.046548,-0.5512488,-5.2784595,-1.8332235,-6.5840635,-5.9500313,-6.3070393,-8.103678,-9.821841,1.4266753,-7.50006,-8.78977,0.36781132,-2.1751077,-7.0532603,-2.1913404,-4.45458,-4.3106318,-8.132771,4.245612,-8.334471,-1.1599216,-4.4602065,-3.2704668,-8.951443,-0.9118136,-6.2568007,-1.3284557,0.8103189,-2.0388503,0.09932202,-1.0576717,-0.9264195,0.6317025,-0.072503865,-0.45625913,-0.05057071,0.28459817,-0.046137527,-0.108404264,0.22632167,0.26844954,0.119403176,0.03828623,0.15631989,0.61655086,-0.08317534,0.33073887,0.3936005,0.16722976,-0.013424411,0.6626973,-0.40802005,0.45798767,0.24518654,-0.2980681,0.29516542,-0.031581208,0.33910942,-0.20875333,0.18900074,-0.21801792,0.37527287,0.23214787,0.5711647,0.1989871,0.37428424,0.18927324,0.683732,1.6622114,0.164469,1.2677727,0.6820706,-0.10828532,0.4072922,-0.16884577,-0.61536235,-0.6147808,-0.14784352,-0.25073212,-0.08097653,-0.07963483,0.5151337,0.23818587,0.05738339,0.017866269,0.05105281,-0.028462857,-0.12987079,-0.27686378,0.0067340285,-0.42323208,-0.12232475,-0.29467037,0.17990369,-0.03189215,0.10136049,-0.065662816,0.10621156,0.019955382,-0.057239562,0.07009138,0.13727969,0.20744884,0.268306,0.28734457,0.06877662,0.30772543,39.831512,56.024094,20.834423,21.513405,14.304857,10.7767935,13.038199,12.540813,11.129849,9.278845,8.041834,6.994914,10.343419,7.173959,8.977841,5.3589997,8.05364,5.566143,5.180242,6.3787966,8.188905,6.198495,8.081697,7.2461348,5.836761,7.9098506,4.488848,4.593101,5.7579684,6.486639,5.52259,4.5280256,4.7294602,7.9834814,4.677121,5.8996806,6.0021734,5.912797,7.232,4.9643793,9.623264,8.54156,4.919176,4.991062,2.9839697,1.626207,2.9408345,2.7789454,2.2381842,1.5216731,1.7936162,1.5505733,2.3067605,1.4100459,1.5973306,1.0321053,1.6924012,1.0803248,1.0516769,1.4929848,1.5321846,1.188929,1.8087637,1.2404945,0.8441779,1.7702662,0.96460074,1.141767,1.0192355,1.4837627,1.209924,1.0112922,0.8221652,2.0611627,0.5320699,1.1113867,0.84265375,1.0950478,1.5750086,0.96830803,5.335818,6.7934523,2.2388752,3.9891992,2.2916687,1.0504168,1.9331609,2.1442397,1.6618968,1.3384607,1.4086672,1.1548365,1.2946458,0.62024206,1.553245,0.7466796,1.16633,0.6868479,0.5655282,1.1183223,1.3421106,1.0820208,1.3692478,1.1072792,0.9104069,1.2138122,0.63236374,0.5336143,0.7241116,0.7570653,0.62811315,0.5795206,0.70225394,0.88448495,0.5307417,0.5571259,0.5196269,0.71003836,0.8650195,0.83953315,Do_The_Mung
-231.25067,136.56157,-2.2228699,-20.975584,5.4712467,-3.9901068,-18.446632,18.157602,-2.639541,11.808592,-18.659206,1.076256,-16.244642,0.8095578,-3.1910112,-1.8496871,-6.1079073,0.016001105,-11.330639,-4.0203133,-14.242756,4.475621,-9.1472225,-5.9564457,-1.7846515,-4.376594,-2.8519793,-3.8831778,-2.235977,-3.2254384,-4.8745003,-2.1216054,-6.2325506,-2.466311,-1.856078,-2.3139715,-3.146887,-0.4994951,-3.676389,0.2852763,1.9132975,-1.5973301,-1.2222569,-0.091867715,0.8810338,0.9520322,-0.5346729,0.7707697,0.042871624,0.2903139,-0.21599188,0.21734732,0.3307019,0.5431601,-0.10827713,-0.18053257,-0.3494954,-0.050586917,-0.34048408,-0.41285303,0.02424553,-0.13046473,0.2690289,-0.23330474,0.5505511,0.09106013,0.0281277,-0.0041313395,-0.13471508,0.25767744,-0.04271242,-0.14219442,-0.1547738,-0.25045392,-0.3470981,-0.21324603,-0.2976278,-0.29313913,-0.14235406,-0.1904313,3.45162,1.4021394,0.18034413,-0.38496754,0.9093482,0.26143593,-0.17977029,0.5623338,-0.25752896,-0.14637357,-0.45150316,-0.14027944,-0.1255984,-0.37160128,0.15264219,0.10451174,0.053500563,0.056371585,-0.1905832,0.1505754,-0.21511745,-0.087790295,0.21741368,-0.43975738,0.2735978,-0.1944229,0.14294758,-0.2118915,-0.038834665,-0.108368166,0.053615518,-0.040911462,0.07930416,0.029068865,0.10155362,0.16576484,0.26514694,0.16329119,-0.015892752,-0.059613846,56.053757,27.855513,20.63685,17.679178,19.20979,12.46048,12.337785,13.909212,16.609678,11.854397,9.542623,6.7719793,9.441942,6.9805303,6.3105235,8.670562,7.3956833,8.186748,6.0286317,6.136354,10.095233,5.197534,5.002538,8.486353,11.490892,9.622335,8.054186,6.0086117,3.9046986,4.805745,4.8579044,3.4852295,5.673343,5.331433,5.820568,4.8615284,5.035007,5.143682,4.3893604,3.0658324,13.204292,4.689149,2.7819166,3.721745,3.0790753,1.8669753,2.2174067,2.4074526,4.2188344,1.9512665,1.9995589,1.2509972,2.54306,1.6740276,1.3416579,1.4695567,1.2410933,1.973355,1.1549861,1.0588161,1.9790667,1.1019536,1.0670455,1.9424698,2.6341205,2.5332253,1.4808092,1.4583077,0.5361369,0.9098754,0.93275833,0.8673851,1.0894749,1.3565189,0.87508744,1.0682111,0.96402144,1.3016557,1.0887878,0.663283,10.636434,4.0850625,2.126756,2.809878,2.4460719,2.4889705,2.1662023,1.7336719,2.8829484,0.93173325,1.3879349,0.9280124,1.2097116,1.3175114,0.72687596,1.3401809,0.92142016,1.2575523,0.9492988,1.0458162,1.1208128,0.8700618,0.86152023,1.4005483,1.7423,1.5335541,1.1490852,1.0234053,0.25559258,0.65850264,0.5197609,0.47371227,0.7140134,0.7270235,0.78641754,0.5364637,0.59323347,0.5025832,0.614855,0.3937642,Do_The_Mung
-275.14746,121.52516,4.773923,7.545677,7.4595017,8.258304,-8.311015,18.069117,-9.655589,4.508154,-12.696095,-1.345945,-11.732651,-1.9153882,-8.116259,-1.7439687,-5.536186,-2.4851513,-7.6413264,-6.658046,-4.7331495,0.06750929,-7.0749054,-9.465361,-3.7609487,-3.6853232,-5.3492246,-3.6966014,-1.9129906,-1.5945382,-6.2792745,-1.0679554,-8.017582,-4.3128557,-5.773716,-4.5798426,-7.850522,-1.5643053,-5.6938267,-2.3010132,-2.3087192,1.3305306,1.8422441,0.6299211,-1.3054017,0.06258798,1.2139419,-1.4571989,-1.4033793,-0.82460177,0.59366554,-0.21588564,0.83790773,0.6351321,0.41489542,0.5914515,0.26347047,-0.31268364,0.02241616,-0.4100358,0.27269098,-0.04812234,0.060766272,0.28337014,-0.37822598,-0.25793174,0.08433459,-0.14178675,-0.17488706,-0.23543394,-0.031929597,0.015337322,0.25749636,-0.13302593,0.37927878,0.046552233,0.013462063,0.0066555813,-0.29633427,-0.13381743,1.6032833,0.3005138,0.014354348,0.12722239,-0.08132805,-0.113263495,-0.027091146,-0.22699693,-0.10266104,-0.1587303,0.32057965,0.043440983,0.16595021,0.04227689,0.09489553,-0.10592203,0.10272991,-0.11637874,0.045310184,0.03785736,0.099742115,-0.058447838,0.2694213,-0.011112638,0.19489112,0.13561648,0.16291767,0.024910912,-0.024270069,0.11502536,-0.06304325,-0.128534,0.07274261,0.1184251,0.26305827,0.09800248,0.18739519,0.069983564,0.023198694,-0.033387683,63.996433,23.83358,26.403702,21.791895,11.496949,11.859322,10.817952,11.540207,15.551429,8.309019,10.001654,7.3734217,10.295977,7.61013,5.444449,6.90644,5.616526,3.616054,7.137194,5.739765,5.453517,3.5876272,4.1212006,6.41434,4.343294,4.752774,3.8420985,4.5185776,3.9745266,3.8855288,3.6968513,3.3596864,3.8204546,4.778469,6.206352,3.431366,4.661498,2.5971043,5.0640454,3.352724,14.626663,4.5349927,2.9185352,5.1200204,1.9741539,3.217036,2.386542,1.7322721,2.1121979,0.82306033,2.186408,1.3737162,2.181505,1.2847304,1.1630876,1.4559435,1.485153,0.57127964,1.3306378,1.1153501,1.1035371,0.4592578,0.8776016,1.3081114,0.88428724,0.9780099,0.6810981,1.1192734,0.42575377,0.59094626,0.80117095,0.56177986,0.55939204,0.9073226,0.88753116,0.3933871,0.799367,0.42197633,0.66867805,0.4623788,5.2423854,2.5109222,1.6865916,2.389155,0.98857504,1.6916173,1.2935925,0.86562777,1.4013275,0.52797306,1.5873045,0.78078455,1.1519612,1.0722942,0.6279604,0.96375555,0.7861716,0.5342504,0.71389574,0.69531876,0.77274585,0.50988305,0.5505847,0.56957334,0.6058051,0.7416192,0.5045373,0.6047496,0.39117187,0.47964346,0.34819606,0.44135728,0.63859737,0.56323963,0.63390756,0.5076836,0.4869949,0.33003816,0.44794583,0.5359383,Do_The_Mung
-263.64215,99.59768,14.14936,-3.2515485,7.285388,8.086377,-8.568371,11.264257,-8.73741,12.423773,-8.265444,0.63741,-12.425631,3.298656,-3.214904,-4.335969,-7.188121,-1.381856,-6.29532,-1.7404611,-6.839581,2.7859678,-7.1607018,-3.2374911,-2.6547735,0.22176598,-5.329604,-0.110639006,-0.5191809,-1.2715273,-4.5137744,1.0258104,-7.5012894,-1.8878894,-4.677426,-1.9114447,-5.212734,-1.2557888,-3.9462402,-1.5227808,1.6458957,-2.6464279,1.3732629,-0.35911256,0.6124028,0.39405137,-0.42390245,0.22276331,-0.04136294,0.087633535,-0.5885273,-0.2601694,-0.2829994,0.6279828,-0.022434235,0.40400374,0.17680052,0.22431676,0.65005016,-0.083758585,-0.27818412,-0.2909953,-0.29726014,-0.34402195,0.014716748,-0.08189142,-0.14969087,0.105587184,0.04711062,-0.0063611567,-0.09718269,0.22946233,-0.36631292,-0.1842778,-0.28526315,-0.096364066,-0.06062948,0.11238978,-0.218488,-0.053780694,1.876329,2.8727014,0.10458124,0.60288274,-0.09353517,-0.25396112,-0.16869766,-0.62227345,-0.6260052,-0.36526462,-0.040089354,-0.40867102,-0.16755699,-0.12157421,-0.14196143,0.04697618,0.015582457,-0.219654,0.04621935,-0.22432028,-0.013458509,-0.20460722,-0.008427717,-0.50289744,-0.07991831,-0.1558052,0.030066729,-0.23157868,0.022719275,-0.22100796,0.072328776,0.009796251,-0.025697414,-0.076597124,-0.10525313,0.0007292414,-0.12362103,0.007524697,-0.043859042,-0.102445796,71.68948,48.398285,31.49952,15.041966,11.302221,13.323257,10.87925,8.510589,9.225047,7.4241962,6.822934,7.236853,10.388796,6.52541,4.6426535,8.576122,4.4325805,5.0212574,8.850246,4.145817,5.8191547,5.172939,3.9702034,6.146572,4.870992,4.158807,5.5550523,4.241524,5.3792453,3.872346,4.101945,3.6483088,4.998869,3.8101234,3.7667637,2.4434927,2.6971357,3.1145446,3.554856,2.2918506,17.18754,9.235184,6.172267,3.053545,2.1561065,2.986031,2.5351894,1.662541,1.9651682,1.3983375,1.284252,1.3163342,1.7656323,1.0567477,0.8391268,1.7985417,0.80017334,0.9883866,1.6671901,0.5743455,1.2306707,1.1718111,0.7206544,1.1179577,0.9861712,0.90652615,1.1844815,0.85397416,1.2615812,0.7215683,0.8702943,0.5449509,0.7890999,0.91837394,0.71984094,0.46301433,0.41584083,0.42101565,0.5381269,0.4749861,9.271246,7.169694,3.1550038,2.719024,1.4245741,1.5314066,1.6285366,1.2301466,1.4635239,0.8856406,0.6539065,1.1410153,1.0581008,0.5834837,0.732034,1.0969298,0.5847723,0.9373038,0.8389742,0.63773394,0.673696,0.66226816,0.47216198,0.95666134,0.57969505,0.5381096,0.78419316,0.5019532,0.7475725,0.54043406,0.61205876,0.30843696,0.5104752,0.6835352,0.46014005,0.31207326,0.37232405,0.29885513,0.4887762,0.2338999,Do_The_Mung
-261.09186,104.9858,35.640285,26.414112,9.402226,16.201042,-9.761919,10.229389,-19.905163,-0.075874105,-12.291969,-10.206152,-4.670124,-4.121876,-3.7504492,-2.1118197,-7.747177,-1.6577356,-1.426362,-4.7116437,-1.8388672,1.8633916,-6.8639617,-6.080072,-2.5906851,-2.209268,-5.242193,-2.3514528,-1.8607854,-0.5263309,-9.773468,3.95993,-11.573534,-1.5223813,-4.147433,-5.5975227,-7.74179,-1.9913111,-6.6400814,-2.024224,3.3678775,-2.9148564,0.861936,1.2836759,-0.284926,0.02707538,0.111392885,1.8105605,-0.4661709,0.54699403,-0.7540735,0.34762335,-0.13606499,-1.0652623,0.97207534,-1.3270134,0.21008892,-0.34862855,-0.7033405,-0.45973796,0.04909475,-0.1665166,-0.08956635,-0.13275263,0.3918065,-0.6780076,0.4416362,-0.0019042343,-0.1665098,0.37007928,-0.37338138,0.3395589,-0.30212915,-0.08658391,-0.07654681,-0.42561704,0.19089493,-0.07891368,-0.44383013,-0.024605732,1.1433071,1.15242,-0.11672765,-0.23925081,-0.01805979,0.08457011,-0.06026169,-0.43336627,0.2553696,0.016313657,0.21595205,-0.32373643,-0.17897259,0.09868133,-0.16998024,0.040356085,0.04746511,-0.26301217,0.20422553,-0.21795462,-0.20456854,-0.2775166,0.11147715,-0.070920825,-0.15259509,0.36526635,-0.3389672,0.15537152,0.009646572,-0.17820951,0.1355635,-0.031817064,0.023624048,-0.118785515,0.0055449754,-0.2489712,-0.050020248,-0.25490123,0.15524441,-0.00969404,52.237755,32.009304,22.018436,13.301778,10.57188,8.92147,7.887164,15.732213,12.736706,9.307565,6.9105515,11.938192,7.3133,7.519796,9.211125,10.269223,4.8116484,7.0603943,6.24612,7.9307528,8.50931,9.125827,5.687036,4.6624875,6.5599833,7.222562,6.7977533,4.036503,4.148432,5.0511847,5.211946,5.082555,5.251125,7.784547,4.351014,6.6959934,5.005004,6.4464,5.941325,4.894707,15.585798,6.1334686,5.925695,2.0607533,1.3721635,1.9620477,1.8210402,3.6889045,2.3112726,1.9888475,1.1350842,2.8814743,1.6562223,1.1001965,1.7951808,1.5487735,0.7436876,1.3111386,1.445404,1.5808676,1.6537594,1.7058058,1.0049304,0.7885959,1.407918,0.94197845,1.1896893,0.8565721,0.876593,1.07328,1.0743889,1.2865733,1.187228,1.7349119,0.7275033,1.2242519,1.3493171,1.2812443,1.3520756,0.8680062,6.6176906,4.6972246,3.5195458,2.2036262,1.2003369,1.3801347,1.3326788,1.4096324,2.0929327,0.99336225,0.8817864,1.5249225,1.2164202,0.6513495,0.74125993,0.68346924,0.6900374,1.3915044,0.49022597,1.6999791,1.242838,1.2404844,0.4609806,0.7726253,0.7486981,1.032148,0.7525355,0.70489025,0.5298995,0.6019559,0.9383458,0.723509,0.7483106,0.9296107,0.7026087,0.9298318,0.71758443,0.78313774,0.9371986,0.780974,Do_The_Mung
-442.7804,85.736755,28.86882,22.382313,-14.340881,16.32465,-10.035984,5.1410255,-6.3603573,2.1014667,-4.158594,-0.17796886,-5.512018,5.685442,1.0617101,0.4229929,-4.541377,-2.6534839,-4.7528086,-1.4741421,-5.4789624,-0.036540255,-4.030485,1.5162936,-3.1089573,-2.67319,-1.9192694,-1.9553,-1.4874568,0.24131025,-0.37823343,0.5181485,-3.5918255,-3.588857,-3.178455,-1.9746374,-3.6570868,-0.7468222,-3.5775387,-3.83515,-9.629809,-4.4186983,-1.0498593,-0.42216673,1.6807272,1.1978502,0.34418422,-0.86788595,-0.15623724,0.62151635,-0.6057638,0.7069559,-0.22516464,-0.03046515,0.32597962,0.06492235,-0.31094682,0.6886337,0.32241714,0.49815336,0.2854865,-0.14958408,0.37734985,-0.2762826,-0.048215695,0.08616799,0.13822682,0.44531822,0.05402494,-0.0018235911,-0.11136271,-0.091541156,0.056287512,0.28090784,-0.10750261,-0.18700138,-0.052478224,-0.0051524285,0.15458405,0.1559076,0.27800912,-0.57550395,0.0942104,0.22307885,0.30202016,-0.104626745,-0.0382445,0.036305293,0.59894884,0.0114415735,0.080518454,-0.102338806,-0.24805266,-0.22268242,-0.043474328,-0.12727523,0.11274153,-0.20365053,0.034730237,-0.11326362,0.02171104,0.04553462,0.2639513,0.14761399,0.20533991,0.19261456,0.10061979,0.015116263,-0.0069439076,0.03381995,-0.010629479,-0.12945367,-0.08202289,-0.00365201,-0.11269114,-0.11495281,-0.118396886,0.0023969524,-0.016532958,0.0982975,99.90211,42.92528,9.542109,10.523675,17.154871,11.551195,6.975496,9.096179,7.987523,6.073708,6.4672337,6.8254128,5.3269296,5.126342,5.3080115,4.16466,4.8220263,7.217113,3.7695227,5.5042996,5.4211903,3.5289207,4.4345193,4.190303,2.5756204,2.5982754,3.6770408,3.8402772,2.5094142,2.1962624,3.2506917,3.5233526,3.5689306,3.517993,3.0859456,2.549486,3.2649636,2.406291,3.4846811,2.4209683,14.310141,4.3498583,1.6632221,2.0562487,1.6888055,1.2176741,1.0287685,1.8600711,1.6045734,1.1706744,0.9167507,0.5235948,0.97762847,0.83553225,1.2459091,0.6426303,0.925848,1.0874462,0.61798465,0.2597359,0.6951485,0.8250298,0.71899563,0.6911209,0.40160507,0.28766367,0.53189015,0.4543467,0.59615004,0.34065896,0.74777466,0.53002095,0.5985707,0.36246353,0.6083758,0.3717023,0.68230426,0.36776906,0.6320611,0.4288664,4.458359,3.2548723,0.79580927,1.1564565,1.6335542,0.7831792,0.7512743,1.4325826,1.1918665,0.66603166,0.6966292,0.65217704,0.82638705,0.54392886,0.814223,0.61354536,0.60938,0.56280375,0.57076657,0.29872066,0.4431667,0.43900546,0.61918205,0.39471027,0.4109198,0.37976205,0.47491398,0.31349906,0.27596536,0.19662865,0.43536773,0.6394218,0.49988928,0.2056389,0.39251292,0.50041187,0.5344003,0.26166514,0.27979916,0.29396972,Do_The_Mung
-369.55838,74.52662,-1.6731076,16.939493,-10.029684,20.579077,-24.45896,21.182102,-11.652829,12.499176,-9.831335,3.8825517,-3.1542757,-4.6438503,-7.7430706,-0.8827349,-7.497321,-0.38378882,-2.1176934,-3.6021886,-2.7282882,-2.6990998,-6.762602,-4.7948046,-2.1072168,-3.0230474,2.7963033,-1.2353466,2.438774,-4.098095,-3.758022,-3.3816457,-2.3347924,-3.8232827,-3.2673278,-2.2832017,-4.7173996,-1.6940875,-5.837948,-3.400388,-1.1642942,1.2814276,1.0670909,-0.110894546,0.515681,-0.08227789,-0.50183696,0.014477894,0.059867255,0.46285164,0.034353927,0.11367267,-0.46040523,-0.22373742,-0.42855847,0.026567377,-0.3136716,0.14524558,0.5471667,-0.22997805,0.08978733,-0.12666897,-0.062776655,-0.14427935,0.15536997,-0.02103396,-0.2327556,-0.18159534,0.22175723,-0.3113377,0.02961716,-0.037769906,0.14119385,0.037720915,0.4043014,-0.11386599,-0.21448728,0.15363348,-0.06273042,-0.13861416,1.2057235,0.13211098,0.1035372,-0.26450843,-0.048363555,0.083157785,-0.21106765,0.16646774,-0.28064758,0.17115897,-0.320294,-0.1086447,-0.06949007,-0.2073082,0.05705034,0.2698637,-0.076588504,-0.10236079,-0.13669398,0.007202685,-0.055412743,0.2011918,0.11974751,-0.25833493,-0.00013200566,-0.21545598,0.07179784,-0.06081143,0.0743693,-0.20366606,-0.18894914,-0.073642135,0.028940372,0.18128175,0.040978223,-0.13573867,-0.056133483,-0.021306079,0.00028616562,-0.06092085,108.216835,36.170673,16.961767,23.695566,8.511641,9.408125,19.131186,14.938884,11.484299,14.594632,10.840803,5.5359955,4.683302,10.849359,7.180957,5.193756,9.8572855,9.627964,6.0296297,5.0703154,5.5413523,4.410854,5.807089,7.2614603,4.0499945,4.3202977,4.4678235,7.2774796,3.7673745,8.235565,5.8964167,2.7814393,2.900932,4.468972,4.729667,3.4544024,3.1788123,3.035338,7.2287145,4.476182,21.613914,8.419177,3.6183002,5.223842,1.5880427,1.8835993,4.365441,2.9229789,2.4047942,3.4342492,2.1213357,1.1281431,0.6376936,2.2714484,1.776308,1.004541,2.082353,1.8688786,1.3336374,1.0964748,1.201187,0.7755975,1.1160561,1.5384318,0.88990295,0.7696825,0.8392509,1.5218085,0.8221344,1.6628014,1.136285,0.587518,0.36687377,0.64941955,0.7458479,0.72407055,0.67086524,0.48680323,1.4304259,0.81276464,9.286663,3.178589,2.3022332,2.0729206,0.86432344,0.77911973,1.9022354,1.0533123,1.3746206,1.3225267,0.9909746,1.0232735,0.4467978,0.9620868,0.61295277,0.53849417,0.9150983,0.7204072,0.5740562,0.5243774,0.6183215,0.40498155,0.5432405,0.8296629,0.42886707,0.52832776,0.5276856,0.68734324,0.37497237,0.7715863,0.52836126,0.4576558,0.3825375,0.52744114,0.72869456,0.3901705,0.34451717,0.3939878,0.47470996,0.45846134,Do_The_Mung
-381.46277,85.05649,4.119082,6.2112846,-4.3045115,24.045866,-13.478487,18.641535,-10.722945,15.004995,-8.312684,3.9183252,-4.773993,-3.2467113,-8.446169,-2.4582198,-4.624783,-0.37844586,-5.1440816,-4.122445,-5.0583134,-0.7024562,-6.9493785,-4.9754066,-4.752181,-2.6274414,-0.732236,-4.243206,-0.388404,-2.9857783,-2.3045738,-2.804717,-4.1354094,-3.4855971,-3.7368991,-5.340357,-4.682591,0.18483874,-2.4866729,-2.188856,-5.0030494,0.106707215,1.2352864,0.4092069,0.12046014,0.13923535,0.52028257,-0.1759505,0.54864955,-0.33302256,0.42464888,-0.51482666,0.16116056,0.009386517,0.15271132,-0.66935325,-0.16860342,0.096873,0.38758337,0.3796737,0.19071983,-0.026668333,-0.40380043,-0.2435912,0.09782991,-0.049787953,-0.114470616,0.27850485,0.052898422,0.0580341,-0.16357721,0.44313765,-0.015996087,0.13177723,0.0023089051,0.06936394,-0.024731383,0.008608045,-0.04610221,-0.17064321,0.1575073,-0.09005836,-0.32265058,0.11947228,-0.18757251,-0.13099366,-0.17219001,-0.17446503,-0.17633756,-0.18973744,0.0049985647,0.023314916,-0.15924445,-0.25442582,-0.023730285,0.12171562,0.24169368,-0.06449391,-0.3558576,-0.011397563,0.001772821,0.066357255,-0.061763722,0.1388513,0.02327457,-0.04536861,0.13817558,0.073066294,0.10542202,0.018761449,0.12128958,0.036123075,0.21927604,0.05424384,0.09637757,0.06204783,0.09836262,-0.0055004805,-0.0017433241,-0.025450133,136.3216,36.720623,21.807333,24.214777,9.442817,9.6480465,16.413147,10.90022,10.659491,16.551363,9.2310915,9.483831,3.704175,6.8770704,5.4783673,8.793394,9.920702,2.5285928,5.946622,3.6891637,4.7790523,3.6505375,5.7115793,6.0817885,4.8071885,5.6366253,4.242703,5.233627,3.6827471,4.141635,4.749604,3.674024,4.076729,5.194196,4.229325,4.8214316,4.80506,3.0571864,5.583156,3.6726444,31.172533,6.930298,5.240552,5.154738,1.48322,1.8973429,3.4797678,2.5122764,2.2974012,3.626622,2.2797089,1.1988721,0.7129531,1.4800951,1.1832933,1.1193476,2.033325,0.36382052,1.2414393,0.9952468,0.9451567,0.7716827,0.83186233,1.1588392,1.0706617,0.99273103,0.8119385,1.2543097,0.63210714,0.90091014,0.9203902,0.83405995,0.72065604,1.0857003,0.8247947,0.8496517,0.9031939,0.49207044,1.1489054,0.63679725,10.809244,3.5183327,2.0065615,2.1284266,1.2244897,0.6788375,1.7708926,0.9400025,1.2427058,0.8661866,0.99539256,0.5585632,0.60909885,0.64466524,0.5322537,0.92972636,0.7683027,0.36080214,0.75785387,0.47893396,0.8046159,0.5556372,0.4997448,0.42123196,0.85036474,0.48869485,0.7722232,0.6167423,0.38618156,0.5580046,0.69381714,0.49179152,0.628306,0.34033543,0.5934744,0.46469876,0.46687898,0.37556857,0.5191055,0.41373888,Do_The_Mung
-412.5954,88.13293,30.499702,16.593067,-17.30207,11.780904,-12.25782,17.203138,-10.721219,4.9869967,-4.1355534,0.46614844,-2.0929747,-0.1605452,-1.1181756,-1.951534,0.07121056,-1.2597334,-6.1203957,0.3791229,-6.97151,-3.056044,-11.062977,-3.2600837,-5.4231253,1.7601529,1.4687612,-0.55018413,0.097544536,-3.6058698,1.2295321,-0.8357531,-2.9952683,-1.1915238,-7.1877313,1.3190564,-4.4001455,2.0788314,-4.7356377,-1.888227,5.741428,3.314463,1.89554,-0.91734576,-0.42193928,0.06882934,-0.045642592,-0.2387973,-1.0041103,0.41635203,-0.38310772,-0.6492393,-0.0347943,0.2528116,-0.35140234,0.037721198,-0.55183566,-0.20655406,0.06896272,-0.2745361,-0.19715467,-0.34200698,-0.020710513,-0.14785615,0.21601743,0.03830386,-0.05920902,-0.19914481,0.034521233,0.02884541,-0.16203755,0.15782988,-0.3560778,0.097910225,0.31003597,-0.057741366,0.02318709,-0.2348126,-0.25610405,-0.14713041,-0.94182765,-1.1634946,-0.59214175,0.5090219,1.2441851,0.19344757,0.27217937,-0.053943716,0.0869903,0.24957466,0.18038003,0.3128454,-0.09386659,-0.23645404,0.08588354,-0.30753982,0.06589208,-0.14729603,-0.01049668,-0.010154948,-0.039252654,0.17603743,0.06566703,-0.0036522252,0.3052645,0.0071705133,-0.018241167,0.08450344,-0.15570101,-0.09964796,-0.11217196,-0.11127053,0.04844454,-0.13208953,0.26517102,0.10419494,0.1470867,-0.12715015,-0.010722578,-0.04882323,71.968796,52.868217,24.23633,12.129458,20.446356,7.0542817,7.130375,3.287344,9.071524,7.7629976,7.785395,10.865645,4.969375,5.035531,5.07849,5.71274,5.343654,5.422599,4.5599885,5.3559713,4.2376466,5.663831,3.0515559,2.4331346,6.1716433,6.3148556,3.3410769,4.699782,3.7856827,2.7708166,3.791323,3.3538618,3.9882565,4.4161906,3.822744,3.936151,2.5910017,3.747551,3.5936422,3.0559933,12.417231,7.796926,4.3435087,2.3372252,3.8427598,1.6632601,1.5664669,0.47206447,1.625965,1.9237287,1.6134452,1.5811476,1.2981461,0.9610309,0.70560294,1.1524915,0.6931323,0.8976543,0.82795334,0.8020871,0.804431,1.2773776,0.5353879,0.32044578,1.3448677,1.1584454,0.5849772,0.68083346,0.7105501,0.308036,0.7133114,0.71446466,0.76168716,0.75176024,0.6803166,0.6640226,0.39691016,0.68897164,0.74458826,0.4662176,5.899846,4.7305527,1.925433,2.1845322,3.459496,0.6213834,1.2734197,0.3334262,0.72326875,1.0053525,0.7271734,0.9596781,0.71105486,0.80093384,0.53637886,1.0207753,0.38989183,0.46863618,0.38975978,0.3880698,0.563155,0.8104578,0.34307843,0.3041686,0.7782797,0.68574893,0.43436518,0.4503088,0.6125365,0.34349504,0.4717821,0.4730912,0.51670545,0.41595525,0.6661636,0.4231149,0.4058051,0.40178606,0.4151995,0.38340378,Do_The_Mung
-465.79752,73.54878,18.383821,29.708374,-2.4819536,18.496227,-3.7317693,7.6729345,-6.026245,4.9404097,-4.0709066,2.6197293,-1.9619677,1.6293343,-5.054372,1.0110602,-4.356437,-1.1469536,-6.889211,-0.23753713,-4.4887686,-1.0974473,-4.646162,-1.2374725,-4.159276,0.18153648,-2.576499,-1.316218,-2.9022326,-1.7930964,-2.9771428,0.0558972,-0.98077714,0.7827408,-2.430559,-1.1648638,-2.8717437,-1.3405242,-1.8413506,-0.95728123,-0.78699446,0.5738333,0.9432198,-0.23082608,0.5159287,-0.09698916,-0.5053015,-0.22218633,-0.23854908,0.4840013,-0.084314555,-0.57726455,-0.5356414,0.08585375,-0.17693989,-0.1521201,-0.5059245,-0.018848926,0.19340158,0.081762984,-0.18326513,0.027937915,-0.00084883533,0.3883554,0.33648044,0.19229317,-0.22994632,-0.31395644,0.2097768,-0.10563961,0.12514521,0.086839534,-0.21470937,-0.15350676,0.29024237,0.10709274,0.105122216,0.18937568,0.058121778,-0.060014505,4.116672,1.1001158,0.52988714,-0.028413322,0.39877376,0.15594484,0.056989852,0.040506065,0.08013715,0.19133924,0.25186446,-0.18577176,0.046607595,-0.23773764,-0.028022021,-0.18762033,-0.11409841,-0.47285265,0.09766781,-0.1820969,-0.07905067,-0.12208337,0.0731549,0.035415404,0.04816912,-0.05007586,-0.0067712776,-0.030211564,0.180006,-0.070198186,0.052658834,-0.14624844,-0.15956543,-0.10688143,0.008670758,-0.011176564,-0.07599707,-0.10349982,0.044306546,-0.013930848,64.458595,16.28584,10.861606,4.24809,7.6133037,5.306009,5.697353,5.1583514,5.631207,4.8377175,4.7330747,6.246784,4.9100904,3.3653395,4.3456335,3.5398982,5.6272364,5.8374376,4.656109,5.3155537,4.601781,4.003827,3.7538369,4.3015757,3.7780643,2.8695366,2.980591,3.7241035,3.2673843,4.0991845,2.4327881,3.0295877,2.8079078,2.7092674,3.6737773,3.8849447,2.5266495,3.3252933,2.2088714,3.2367315,15.748032,3.9612927,2.0284805,0.7430198,1.6159147,1.1433915,0.91383827,0.8681723,0.7769925,0.7474893,0.848181,1.0708011,0.82512,0.5702906,0.80341,0.505821,0.6087806,1.3134713,0.7137108,0.85447454,0.9576319,0.90224785,0.6330344,0.4725924,0.722263,0.59896266,0.4757358,0.72222126,0.37292826,0.8573242,0.4601552,0.6232336,0.45436093,0.5104164,0.5031683,0.68993306,0.3462711,0.7936692,0.43631563,0.6799092,5.1863666,1.6785839,1.0302174,0.57741046,0.6732383,0.5903412,0.806714,0.52943134,0.8453007,0.4932305,0.5260526,0.60857046,0.5344473,0.48172736,0.8066308,0.4192041,0.6263948,0.6475638,0.55550206,0.44373226,0.31713536,0.4695586,0.5124256,0.4061641,0.4739528,0.42390156,0.34784693,0.3277474,0.42134494,0.45989424,0.30588183,0.2263819,0.41026887,0.31471723,0.44449875,0.5967597,0.41082212,0.35341215,0.3365727,0.4504775,Do_The_Mung
-435.5362,74.98511,19.47389,21.044498,-3.1944804,25.81409,-10.809493,13.893145,-9.093784,9.152202,-3.9238174,-0.64897704,-4.555776,-3.2830386,-2.6577106,-4.4460545,-5.1359615,-1.3067533,-4.8484592,-0.7281289,-4.93325,-2.634926,-5.5769644,-2.0868456,-2.781825,-0.19104052,-1.7323442,-2.6045074,-0.8257649,-3.7171764,-2.9381256,-0.7751139,-3.5285354,-1.8611821,-3.1785338,-3.9591827,-2.980987,-3.9585214,-3.9480891,-2.818738,-9.820459,-2.043941,0.48268753,1.268434,-0.41007796,-0.29757488,0.48637417,-0.08923639,0.24864413,-1.0434226,0.40336448,0.6054882,0.48370326,0.392129,0.19495589,-0.124956444,0.6227581,0.1436088,-0.051582642,-0.012658376,0.25656265,-0.044205755,0.2977926,0.05872281,-0.10433829,0.020737033,0.06692657,0.114546016,-0.11929818,0.26344594,0.112171486,0.16220982,0.44893044,0.13380072,0.13132137,0.036645666,0.1413027,0.18239945,0.23115975,0.09854077,0.14258069,-0.5114991,0.3640265,0.6195334,-0.044264525,0.007908836,0.12650345,-0.42173523,0.44654697,-0.09751429,0.36468714,-0.17028633,-0.09001769,0.043643024,0.09433516,-0.12163683,0.029058672,-0.01750841,-0.047111645,0.01246725,0.24199773,-0.033475477,0.009168606,0.24595496,0.08424808,0.010357428,-0.067571245,-0.0622831,-0.03313139,0.010207921,0.09442673,0.021110136,0.087708116,0.054360874,-0.1435785,0.061014548,0.14539823,-0.025595162,-0.14204712,0.105205074,103.45483,32.17496,12.984192,16.82593,9.189481,7.729854,7.641513,9.330874,10.751627,9.868299,5.3043876,6.2349133,6.5861006,3.634612,8.002425,4.609392,9.025148,6.292674,3.4512134,2.8491492,4.9602876,2.7261624,4.3793206,4.970735,3.5915594,3.65683,2.766072,2.8522396,3.4301848,4.3819385,4.680223,3.166232,4.411497,3.198125,4.0169754,2.9042118,3.6025293,4.0841546,3.4176898,4.704653,12.595929,4.0867367,2.3093185,2.4401774,1.4865286,1.8980693,0.7221946,2.161008,2.0132616,1.2825766,0.7998603,0.62668014,0.45043653,0.41690892,1.2739531,0.9072171,1.1486616,1.1893688,0.5217196,0.5341219,0.81466335,0.4322188,0.446046,0.72550476,0.7796123,0.62013155,0.41621333,0.38867673,0.56266606,0.49404696,0.83561987,0.4549138,0.50294316,0.49301615,0.6901057,0.45609564,0.35597733,0.6025445,0.44360882,0.9476321,4.890636,2.143475,1.9033079,2.0165064,1.2337307,1.1131212,1.0398207,1.2584838,1.3569596,0.9269759,0.6573128,0.47664082,0.4482556,0.2620814,0.5560517,0.46882176,0.6008601,0.9654829,0.5747515,0.43067223,0.5153535,0.33746883,0.36342195,0.6152106,0.4210023,0.41627297,0.41533163,0.29403484,0.4692066,0.27484158,0.31734017,0.37268606,0.4032108,0.38318175,0.6189986,0.4063774,0.48609555,0.30307314,0.43534845,0.483995,Do_The_Mung
-383.33984,78.77486,12.85865,2.4151201,-17.753033,25.423275,-12.152266,21.925089,-11.518812,12.806026,0.5826897,2.4819725,-6.6960235,-2.3802063,-4.6755486,-2.0142145,-6.9926147,-2.752494,-10.08041,2.272744,-6.4747467,-1.6806762,-4.856387,-5.1804633,-3.2409456,-0.7061896,-3.9988918,0.9825657,-4.860482,-1.4584312,-2.893089,-0.392447,-4.0466046,-1.6591609,-2.7661219,-1.9092594,-4.5069957,0.14100371,-3.6402042,-1.6727087,1.4282763,1.3410468,-0.04169947,0.4490518,0.02360072,-0.08998227,-0.23245585,-1.2073067,-0.0015796348,0.69232076,0.46576202,0.17455551,-0.9129323,0.24500091,0.021737557,-0.59318364,0.21909696,-0.16387583,0.7941943,0.23872197,0.076621264,0.044822764,-0.15344355,-0.31712168,-0.15496592,-0.070749335,-0.7431859,0.22921623,0.13822153,-0.03616926,0.36685055,-0.32132977,-0.17743954,0.078393534,-0.17038123,0.3369074,-0.059495695,-0.11327107,0.20167701,-0.29576582,-0.08573532,1.4467505,-0.68028593,-0.3452314,-0.011454076,-0.096894234,0.39718336,0.11037311,0.13640036,-0.09217709,-0.24385245,-0.1209317,-0.0877348,-0.12627979,-0.19623499,-0.022036355,0.028382536,-0.015447572,-0.14485317,-0.31498557,0.0009875,-0.23095375,-0.043021902,0.0915296,0.03252662,-0.019478671,-0.025620759,-0.044757824,0.112316385,-0.021283895,0.094529785,-0.025496855,0.05376836,0.0971993,0.060798563,0.115441255,-0.054556083,-0.15557021,0.006545324,-0.147279,79.73401,48.774445,18.059916,25.31562,9.154432,14.46193,10.215727,16.354746,10.594267,12.01207,7.3328366,8.8346815,9.224112,8.069554,7.310182,6.285267,6.459503,6.7159877,7.0743318,5.9669037,3.2899833,4.186337,7.9772916,6.3776464,4.6516857,3.4485025,5.7783117,7.5822315,4.8295875,4.25071,5.1683207,4.2031984,4.413525,3.4718938,2.9946363,4.8461084,3.332791,4.1754813,3.7197337,5.5417314,17.637,10.062289,3.9941678,4.873082,1.8616835,3.5231519,2.0619924,2.468854,2.4159555,2.622858,1.5949466,1.5199076,1.1504818,1.3365194,1.3282449,1.298796,1.0815568,1.3765143,1.4998738,0.97558725,0.65469956,0.600578,1.7866085,1.0635291,0.9430641,0.5131736,0.9440316,1.3665859,0.94680077,0.71504116,0.6611623,0.55459446,0.9413425,0.818856,0.50042766,0.94434386,0.5652178,0.85001194,0.5266396,1.1182419,7.600449,5.085342,2.3371994,1.97918,1.2287372,1.8359697,0.9797858,1.1846045,1.1509342,0.7035152,0.9204273,0.7123483,1.1950978,0.6496178,0.78338134,0.5660288,0.45124573,0.9610996,0.67856836,0.7043776,0.5209969,0.6597014,0.94462305,0.72909456,0.4762468,0.45669246,0.51959395,0.50672144,0.70967937,0.7635697,0.53527266,0.5258589,0.52892286,0.3656218,0.3359166,0.5222389,0.3864509,0.45162836,0.37465262,0.5415936,Do_The_Mung
-345.11908,80.47885,11.614573,18.712933,-16.858654,16.56416,-19.976952,10.675282,-13.545544,11.953348,0.50425786,7.9121485,-5.4386845,-0.08085245,1.2921638,-3.583083,-6.3211393,-0.81117797,-9.462637,2.118322,-8.676561,-1.2979205,-1.8949159,-6.3792057,0.08807279,-0.009915613,-3.6120803,3.5463805,-4.6558814,-1.1153673,-2.2526798,-2.3054812,-2.3668983,-0.9055538,-6.852577,-1.3641728,-6.599767,-0.37281227,-5.0374775,-3.0471852,-4.013403,0.38735226,0.3771935,-0.25772852,0.5170307,0.8480405,0.3068735,0.18875694,-0.0796784,0.6402416,0.6483455,-0.20637608,-0.00094377063,0.1990531,-0.07243364,-0.1341241,-0.42209306,0.10629788,0.19752142,0.06353616,0.26137283,0.2041297,0.22141737,-0.34874547,-0.17603499,0.051981963,-0.052395098,0.006064795,0.104455076,0.12882285,0.3099961,-0.094387636,-0.12644179,-0.1229773,0.062296648,-0.23220238,0.003493514,-0.16255651,0.24371447,-0.0036726482,0.6426382,-0.4757058,-0.37676305,-0.22561994,0.27747515,0.2634511,-0.20898762,-0.08033359,-0.019010648,0.1981995,-0.0012510978,-0.055162422,-0.07649693,-0.0045615584,0.07007909,0.3283497,0.27444896,0.18418407,-0.10133437,-0.06700247,0.15907098,-0.032929868,0.14507619,0.2044147,-0.10535412,0.079654634,0.17664242,0.1056208,0.11723659,0.13773164,0.08526495,0.051637277,0.1316986,-0.014336672,0.053481627,-0.029875113,-0.03371469,-0.08624588,-0.011632042,0.045816198,86.81022,44.773193,24.34286,17.276186,11.739345,12.746853,19.387129,8.789637,10.226697,9.1213455,7.520226,5.8149056,9.013643,6.32513,4.3384566,6.3201666,11.4878,4.694462,6.9083104,4.022547,6.6236777,4.7490497,5.0543003,4.9760303,3.721633,6.4308267,2.992805,4.4676857,3.5272143,3.7813222,5.036131,3.9942288,4.861233,3.1770327,4.1323,3.1172764,3.1145864,3.7600303,3.212936,2.4970603,20.147768,9.521728,4.9146633,3.9767833,1.9599895,2.9882288,4.485286,1.2132112,2.177312,1.56314,1.7034274,0.6831023,1.6954541,1.3299885,0.6691005,1.2312882,1.744354,1.1004261,1.4506034,0.6822286,1.5959787,0.8171642,1.2048717,0.72687155,0.95545775,1.2296524,0.64654595,0.77213216,0.7013755,0.5471376,1.2094383,0.6284702,0.6993076,0.6161787,0.977643,0.5215997,0.53515816,0.75296134,0.7158616,0.4441221,8.426678,4.6203823,2.9702086,2.445735,1.4937447,1.8363568,2.8435361,1.0501018,1.0199217,1.3867443,0.6891577,0.57328814,0.7700957,0.5621752,0.5113059,0.9003334,0.94963396,0.7358663,0.7279874,0.741737,0.7827936,0.5564395,0.6575066,0.53319913,0.4336704,0.41310227,0.46685517,0.49849772,0.52937686,0.7053501,0.6206344,0.631308,0.4640525,0.5351418,0.62606376,0.6284643,0.3678684,0.3523417,0.5254672,0.46461973,Do_The_Mung
-658.4403,107.774536,23.823273,13.456703,-16.107332,1.1270413,0.9500541,17.760424,0.82477134,4.7133512,7.905546,-6.805628,5.6123934,1.7506663,-1.7441796,8.632479,-1.0672722,4.3283415,-7.989214,0.541148,0.4017514,2.7986503,2.4070609,0.86384714,-2.4766512,5.4423456,-0.83565474,-1.4307536,-1.8513708,-0.26428232,-3.4059796,-4.18836,-2.6091948,1.4203408,-1.7324657,-1.1027005,-2.1760297,-0.12825382,-0.7322614,1.2987629,-7.8889294,-2.0998545,0.57648754,0.34828842,1.7488124,0.8887452,1.1621951,-0.3144716,0.30177382,0.02642687,-0.40277648,1.1363935,-0.31686902,0.08862091,0.031203862,0.115482956,0.27895698,-0.032416783,0.6884264,0.080752075,0.57109725,0.10962113,0.12316528,0.119530335,0.35131407,-0.25021297,0.56816137,0.39089596,-0.22251558,-0.05558172,0.21634772,-0.1908856,0.15995662,-0.14131284,-0.077165365,-0.36429822,-0.4429738,-0.54899764,-0.30048448,-0.6376794,-4.658511,-0.8188405,0.613384,0.06081669,1.2251848,0.24096215,0.42745155,0.10514677,0.14712472,0.034860574,-0.38985705,0.21572447,-0.080181226,0.15837395,0.07736042,-0.25145474,0.14666253,-0.16579048,0.11684819,-0.027001094,-0.008718463,0.16534159,0.24480581,0.014796222,-0.0052268617,-0.10750711,-0.021628825,0.23790936,0.070482075,-0.041878726,0.1670587,0.03135647,0.19328198,0.007261985,0.22445054,0.31902194,0.14643043,0.123391055,0.06300685,-0.0844022,130.07286,39.20578,10.985626,5.6810346,34.362907,19.424679,16.239191,7.2416954,6.538029,4.8425727,6.6003547,16.72926,4.9389877,3.973775,5.343293,4.268946,6.753736,4.7193356,8.551977,5.4122715,5.9491105,6.818974,4.6328125,3.4462001,4.718574,4.364566,6.0629478,6.3418365,4.6887655,3.7157986,4.8090334,4.2865915,4.5654693,3.3336415,3.6833646,4.3404016,4.307061,6.042791,6.3897386,7.6003346,15.273936,4.6523304,1.7060475,1.4754405,4.2010083,2.5026078,1.4133512,1.1124266,0.779988,0.89647985,0.9698103,1.4400012,0.8075977,0.6947703,0.89143115,0.93945175,1.2256489,0.8251137,0.8695017,0.915802,0.2733226,1.1770785,0.83190846,0.60796225,0.80718356,0.76585644,0.556402,0.77203125,1.0587044,0.73855156,0.6995175,1.0004942,0.6017444,0.6145796,0.58943933,0.80378836,0.79469955,1.2392403,1.4032056,1.628323,10.270572,1.5304015,1.3283513,0.88975334,2.9944565,0.9548003,1.2076162,0.8106786,0.61617845,0.52328056,0.90957534,0.68756527,0.8716953,0.43303093,0.42169115,0.61689657,0.61817074,0.43898046,0.67160404,0.39120653,0.46111876,0.34825978,0.6710738,0.41015893,0.48582745,0.5371161,0.44024143,0.5575614,0.76120955,0.55346334,0.41946748,0.3542832,0.6186493,0.42274904,0.5505534,0.5655717,0.49802044,0.5163159,0.543925,0.85850894,Hoang_Nang_Minh
-397.35577,66.2551,-11.100273,30.416306,-25.851816,-28.872343,-37.38256,3.8808568,-10.329575,-11.169208,1.1617689,4.7681236,-14.505921,7.573369,-22.485638,15.168829,-16.940477,-3.2886176,-7.5337963,-1.9940417,-12.723953,0.1257608,-10.725124,-8.48675,10.6891365,8.338089,0.72949755,8.275912,-1.9640577,8.829706,3.5948048,6.577626,5.1737323,6.3964634,2.9641976,-1.3332021,5.500345,9.386215,8.9597025,5.593103,9.6502075,-0.46989295,-3.5104725,-1.9920814,-1.3944356,0.8904223,-0.88546443,-0.20790964,0.898553,0.8760159,0.5767463,0.27395618,-0.60475385,0.85630643,-0.61034584,0.35092527,-0.45554805,0.38629335,-0.7142631,0.22727747,-0.5132751,-0.4875118,1.1385655,0.12192294,0.64845425,0.23831737,0.24803708,0.044345707,-0.24517989,0.34121722,-0.37037218,-0.33993027,-0.9801513,-0.8177136,-0.7700844,-0.31460848,0.5176846,0.34156927,0.93873584,0.9542799,-5.1172533,1.0211732,0.81475145,-0.10928137,0.74703264,0.9107605,0.08093268,-0.22306249,0.101174146,0.11789519,0.3306648,-0.07016054,0.2545664,-0.040915564,0.16162832,-0.44780695,0.0040926635,0.012753002,-0.14631706,-0.33722836,0.29008824,-0.52348936,0.07065496,0.3944983,0.1910466,0.14862606,0.37943238,0.12237358,0.15909484,0.008429781,-0.28438076,-0.37389517,-0.482348,-0.13175344,0.10957019,-0.23864491,-0.5847783,-0.87221,-0.2879572,0.24367051,84.225266,21.87119,28.155087,15.69794,12.142661,13.059309,10.023119,5.3657637,9.501594,10.389342,9.801799,6.65299,8.58424,10.019194,11.359319,11.8645935,7.8567977,6.6764393,7.785637,7.5535407,9.581013,8.350564,10.458492,14.51076,14.172613,15.524931,17.5351,19.060019,14.08044,11.0057955,13.075594,12.086028,14.677824,10.711012,8.333797,10.580226,13.302529,17.001905,15.096446,14.363302,14.9316435,3.4940395,3.3848932,3.2690315,2.3168943,2.0703855,0.83179456,0.6897768,1.365442,2.3501155,1.6277348,0.978468,0.98899275,1.1964872,1.7448232,2.5385957,2.0934868,1.2208387,1.9388272,1.5475663,2.081959,1.1887292,1.4546224,3.0791903,3.4979532,3.4098303,3.6572292,4.3339524,2.8495362,2.3303554,2.676045,2.193866,2.9823828,1.6623816,1.2106884,2.2045457,2.0301442,2.8832135,2.03741,1.5459791,10.085617,2.5083244,2.2086916,1.0897058,1.3448355,1.716377,0.9646376,1.1816692,0.63008255,0.778624,1.1113396,1.1599056,0.70922184,1.0530843,0.91922647,0.82256114,0.7907594,0.5878976,0.7991136,0.9745123,0.8812513,1.2634252,1.0637337,2.3040953,1.9604294,1.3534613,1.9590499,2.6363034,2.1927211,1.7671698,1.9925553,1.8773454,2.569759,1.2427434,0.8013842,1.5584325,1.5593154,1.8532166,1.1271012,1.2154952,Hoang_Nang_Minh
-426.90536,127.637924,-18.23478,7.2249827,-41.316376,-8.973748,-26.048445,3.125083,-5.484391,-11.877583,11.531509,1.9688287,-14.57993,13.022899,-16.70018,0.5435887,-12.139307,10.166031,-24.966228,5.343899,-4.224022,-9.86904,5.829874,-15.455902,1.4726758,2.5957026,-13.821413,-0.4348836,-11.264505,-1.628502,1.1212823,-4.719633,-0.2673732,0.56803155,-4.9169555,-1.13178,5.0559077,4.8645515,3.1249528,1.2062064,-0.19257876,1.6594956,0.8386403,-0.20566688,-1.5765765,-0.82419455,1.3692691,0.4972661,-0.44599,-0.34174988,-0.23702487,0.0034225918,0.12992682,-0.8883585,0.5359205,-0.22542706,0.07245787,-0.117043935,-0.5363455,-0.19143294,0.42808345,0.1669341,-0.13209116,0.41992825,-0.34778118,-0.17052197,0.04029763,-0.5799433,-0.26416,-0.32549012,0.5850533,0.066032074,0.48671255,0.46215576,-0.026082627,0.78439426,-0.15053545,-0.17278987,-0.7783866,-1.4352694,0.36597538,-0.5140113,0.5887598,0.24416852,0.0033236742,0.07258871,-0.07209231,-0.27021277,0.24319805,0.47582334,0.26983804,-0.18810318,0.13234153,0.084386185,-0.022966519,-0.104253516,0.032333165,-0.042077437,0.024804741,-0.07563557,0.039512478,-0.45805433,0.17305347,0.2877741,-0.21306857,-0.08466743,0.17827022,-0.19648635,-0.07857016,0.021245003,0.3379379,0.3290723,0.46600118,0.30042177,0.18911424,-0.523368,-0.48188677,-0.42091572,-0.02955227,0.26349723,36.59145,21.481203,17.140444,9.464073,16.572802,8.173535,15.711776,11.344887,9.081259,7.9424877,8.4689455,6.723278,8.333056,8.063723,9.10893,5.286989,3.4153953,4.5984297,8.207047,3.0740995,5.5461283,7.069939,3.5411572,5.3744082,4.253673,4.406745,4.9454975,6.981146,5.7365746,6.384286,11.934671,16.39808,11.399639,9.588364,8.71968,8.700969,10.580135,12.306622,10.527289,12.218153,5.7553635,2.5762475,2.0669987,1.6353601,2.758915,1.6143647,1.3182656,1.6935666,1.320834,1.3127352,1.8318111,1.1497111,1.4023566,0.89127976,1.069727,1.1256957,0.45298827,0.64499,1.0561678,0.3115763,1.0618008,1.234964,0.32742524,0.88044053,0.7811117,0.7089041,1.1435682,1.7061068,1.2588159,1.0592508,2.8088233,3.3029563,2.604018,2.1759198,1.459157,1.7154564,1.6688379,1.8771104,1.1362811,1.6331416,4.4405003,2.136851,1.5807709,1.6310598,2.3901873,1.0954596,1.0408491,1.1387441,0.8438943,0.87843704,0.69907826,0.83631045,0.5888653,0.78663737,0.64228386,0.5359681,0.51576775,0.825238,0.93849987,0.34268954,0.45858878,1.1888145,0.5092194,0.46651992,0.6034622,0.3519833,0.5176679,1.2444032,0.9128244,1.020368,2.025222,1.9233361,1.8133206,1.4334089,1.088553,1.2783741,1.2719864,1.1853107,1.0730447,1.1537704,Hoang_Nang_Minh
-408.5501,65.59607,18.731358,54.651917,-39.435837,-29.421452,-12.415329,9.038565,-21.226967,-14.337592,14.384373,-3.3445206,-6.278108,8.24592,-10.452127,5.4312563,-19.312218,4.514719,-11.794101,0.875028,-9.285565,10.890131,-17.553808,-10.1131315,3.2936544,-7.3756766,-4.867566,-3.5579104,-7.1131597,-3.9959335,-6.520648,-1.8587613,-8.490894,-0.5425066,-5.7920847,-2.365026,-3.9021869,1.2904309,-0.45605737,3.09059,-0.78204185,-2.127278,1.0650821,2.8654375,1.0034014,-0.5737357,0.1556783,-0.22865874,0.19728367,-0.43640384,0.11973613,0.3422411,-0.7554664,0.49311852,-0.15312815,0.2906884,-0.26070875,-0.08277025,0.7116902,-0.28573015,-0.1395931,0.28378847,-0.31720725,-0.56681395,0.21881768,0.020475976,-0.069450885,0.015541585,0.064470544,0.077622406,-0.33760247,0.5250687,0.06729929,0.038739517,0.19706348,-0.18554401,-0.14358298,0.09228973,-0.042867318,0.35720855,2.1580136,0.16674565,0.16133243,-0.42361897,-0.36781877,-0.1313672,-0.47221744,-0.23250626,0.5430844,-0.025657937,-0.13982606,0.10904007,-0.103202626,-0.36536014,-0.050367575,-0.22748101,-0.08533076,-0.08824047,0.022095136,-0.18026343,0.16148494,-0.22177793,0.32998317,-0.29238892,-0.009788126,0.07099274,-0.103105955,-0.18509744,-0.14911735,0.14738324,-0.024409488,-0.25711438,0.18931198,0.09344804,0.13780035,0.15092112,0.18600228,0.3299523,0.37935,0.057029128,58.57335,32.4067,14.485222,26.90487,13.575907,12.072005,8.218945,5.516073,8.743004,6.5072093,4.701959,7.35744,7.9063044,6.254894,6.57367,7.2050643,5.5693293,5.8333983,6.3905187,6.2927895,5.349531,5.479851,7.2997217,6.9607377,7.2305636,3.7706,5.0880017,3.9913352,5.7080092,5.328278,3.9110715,6.4754596,10.519735,11.905081,8.61817,7.163318,8.6571045,7.408624,11.190402,12.543562,10.658574,7.0827456,1.5190284,4.02758,2.21886,2.8608832,1.4263885,0.9647925,1.3312228,1.2778499,0.65587693,1.4758965,1.974999,1.3354232,1.5072404,1.747655,1.3362936,1.1416253,1.4732846,1.3917329,1.306063,1.1593964,1.2868588,1.270071,1.5770158,0.7255576,1.0009823,0.70666885,1.0447932,0.9250232,0.5964742,1.1389601,2.3136785,2.443799,2.1180356,1.759374,1.8738586,1.2678696,1.9956111,2.983957,6.9517837,1.704135,1.1682769,1.4310361,1.3048707,1.5863264,1.2743038,0.6290839,1.0308237,0.8263943,0.62634265,1.0886983,1.1606473,0.95328516,0.9282246,1.1229776,0.8353254,0.67296803,0.6711356,0.9463418,0.6191445,0.5450953,0.8053814,1.1485182,1.122042,0.43398714,0.446163,0.7545525,0.6335314,0.73091596,0.45126432,0.8305369,1.2120166,1.5490389,1.1696947,1.0066295,1.1228346,0.8849825,1.3019338,1.5378047,Hoang_Nang_Minh
-496.65787,42.230904,-3.9730527,47.029076,-19.404293,-20.973991,-5.547118,16.209839,-7.0422454,-11.093775,9.312732,6.5297728,-5.640298,10.702915,-4.841501,3.6075485,-14.0686,-3.0924351,-6.6727185,1.0598238,-10.206553,15.223751,-5.8036795,-9.607485,10.153485,-5.499974,-6.1549788,1.6614319,-7.726913,0.7738433,-7.222427,-0.8710196,-7.3868666,-2.3969388,-2.4944487,-3.114844,-5.956715,-3.9789083,-4.3579655,-3.7552354,-7.267147,1.5824361,-0.107953325,-1.7067027,0.9721808,0.026313163,0.19082683,-0.38714483,-0.14503723,0.36761576,-0.60244894,-0.024166904,0.5778197,-0.11728519,0.16074243,-0.27434647,0.33289832,0.0037620943,-0.1997709,0.18198055,-0.0276126,-0.18481898,0.29660818,0.6957754,-0.4731644,0.263493,0.24447945,0.019083314,0.4156621,-0.2179004,0.45034683,0.23827314,0.30471736,0.3719231,0.2877107,-0.06078913,0.26419336,0.21517473,0.5246887,0.5289903,1.9485297,1.5600863,0.053349607,0.05036196,0.00678204,-0.4220215,-0.28406897,-0.18463719,0.26839912,-0.16587898,-0.046890505,-0.14180799,0.02151176,-0.17566934,-0.1834293,-0.0008827001,-0.2165586,-0.09601894,0.20228857,0.025414467,-0.35708022,-0.20834708,0.05229893,-0.20526582,-0.10850832,-0.11774001,-0.23860787,-0.21780223,-0.0074432865,-0.060697585,0.29255456,0.2916442,0.19145766,0.01914512,0.11670895,0.053146835,0.19250765,0.07644783,-0.0119020995,0.042920142,112.28816,22.362871,7.5149755,25.471626,16.405235,13.02598,9.119531,5.5000205,4.0875254,7.6228247,13.092089,8.241663,5.9953046,5.44,7.8251176,6.340736,7.157143,3.278119,3.250785,4.031368,6.272552,3.966764,4.034542,11.017507,6.790882,6.8028407,4.493719,2.9483747,4.8080335,2.3323607,7.4242477,3.6417155,6.541882,3.3042817,3.8925972,2.8722894,4.1411295,4.431197,4.576657,4.576671,12.840371,5.8135257,1.6197624,3.1610677,1.6335982,2.4244642,1.5099905,1.2591233,0.8413957,1.0939312,1.672089,1.7849171,1.4710845,0.9046646,1.3341804,0.8245072,1.1334995,0.55376935,0.6323447,0.69431454,1.0855925,0.87130135,0.54950345,1.0816416,0.8253976,1.0021055,0.9661666,0.5676368,0.5768032,0.25153083,0.80543625,0.7963901,1.0381347,0.54828215,0.7698011,0.48047715,0.6205542,0.7828004,0.41762558,0.48381966,8.990584,2.4080687,1.1038347,1.3174051,0.6328632,1.709607,1.1816258,0.5613974,0.53989553,0.7652311,0.7492049,0.64711463,0.48783946,0.6474469,0.65061843,0.38568464,0.57699364,0.4271343,0.39699093,0.43519208,0.85636395,0.5172719,0.24131967,0.78417575,0.45104364,0.5617462,0.757174,0.42569235,0.4280772,0.31619188,0.4903437,0.53929174,0.278895,0.24323732,0.42708766,0.31389025,0.57132334,0.42421055,0.2875319,0.2731064,Hoang_Nang_Minh
-381.94897,110.41087,-51.687042,-11.684593,-48.318443,-3.063527,-18.60424,-5.754948,0.12462926,12.145117,12.188353,8.704992,-12.266285,-9.323368,-19.033411,1.1350687,-6.8767896,-4.387596,2.8415132,-5.708189,-1.5453551,4.7378917,-8.029816,-10.989721,5.4517903,-2.1287274,-5.177001,-6.8642807,-4.212078,-6.7457795,-4.2677107,-1.776151,-4.956243,1.1820108,-4.668683,2.9029427,3.0989492,13.486984,14.835482,13.254551,-2.085938,-0.22373565,0.70148885,0.07647367,1.3095307,-1.145371,0.31135765,0.38658407,-0.23280081,1.0298234,-0.433664,-0.3881143,0.49072105,-0.5750719,0.2785637,0.675012,0.49329233,-0.69742763,0.37409863,-0.05224186,-0.3656216,-0.048512235,0.367898,0.14272906,0.1432816,0.3026493,-0.38019013,-0.1328862,0.77177405,0.19995244,-0.18301307,0.14621794,-0.730474,-0.67519414,-0.27633604,-0.73577625,0.012076616,0.052595258,0.45481712,0.3814152,4.277194,0.36574546,0.03920245,-0.47448573,0.17692438,-1.122034,-0.41464385,0.29289082,-0.12604213,0.168668,-0.5953925,0.4384383,0.098119214,0.3080551,-0.024170801,-0.17812225,0.21255621,-0.27335396,-0.46918026,-0.015079252,-0.09318869,0.3274984,-0.044190258,-0.24308346,-0.174297,-0.0912832,-0.11741624,-0.10809723,0.2802968,0.14058745,0.008377433,0.16625789,0.06025815,0.25979963,0.15645726,0.22880726,0.021665573,-0.09378956,-0.047402203,-0.046732903,88.307495,15.243353,25.200066,7.1179695,16.756233,16.29074,15.041132,15.118663,9.040292,16.090317,12.340829,16.917128,9.343347,5.246052,5.997283,9.589234,6.254823,9.44756,6.3504243,5.49182,8.626694,6.87329,8.317921,7.2383676,5.666409,5.41982,5.4194107,6.1015344,8.372266,6.289061,4.218755,5.9296436,9.532752,10.402242,11.426428,11.671173,9.729847,14.6632395,11.227883,10.9562,17.343826,3.2744954,5.263948,1.1306944,3.8670392,3.34923,2.9528923,3.3895185,1.7614852,1.7332691,2.6214914,3.600839,1.971033,0.9499862,1.3049968,1.35003,1.0239266,1.3640723,0.9626789,1.0288093,1.6574066,1.4902755,1.1903278,1.8036149,1.1695809,1.1377189,1.0507233,0.96190596,1.0294803,1.4483023,0.7825183,1.2192467,1.4947833,1.4183403,2.0098758,1.5967411,1.9616615,3.1489234,1.9181006,1.6539358,16.748129,1.5447654,3.1901603,1.0165143,3.2932498,2.905738,1.9289124,1.9674069,1.311841,0.85203415,2.103636,2.1383538,1.0624367,0.65716285,0.8097278,1.0669996,1.1597698,0.97629344,0.8655531,0.76298636,1.0012052,1.1813807,0.67661405,1.3519492,0.5111092,0.9439168,0.82949585,0.70105606,0.8176346,0.7098075,0.6043297,1.150613,1.2361052,0.8258183,0.8613915,1.0390211,1.532742,2.510557,1.7405078,1.3524016,Hoang_Nang_Minh
-391.12534,113.15438,-40.8508,-5.9742384,-52.17759,-3.7897058,-14.766888,-6.9635096,-5.9228106,13.86478,4.7475386,2.8998594,-22.893225,6.6568127,-22.188236,1.9389719,-6.095915,-4.142801,-1.1175251,-6.5264044,-3.9275856,-4.5003824,-2.4196079,-11.310312,5.0953145,-5.8114514,-5.921611,-3.6891024,-5.072297,-5.5037036,-2.2221622,-7.3584743,-4.613796,-2.4262776,-4.737626,3.9998584,1.7400937,8.411722,4.637397,10.388398,-5.903057,0.6281251,2.523037,0.7493968,1.2551199,-0.41137785,0.1722616,-0.90051377,0.2044452,-1.454418,-0.0051523224,1.1034213,-0.33810598,-0.30392742,0.35994682,-0.49152312,0.15219955,0.12558843,-0.14367853,-0.115295604,0.036642477,0.54609704,-0.47344518,-0.03270637,-0.2681068,0.23506859,-0.026011914,0.54168975,-0.43754393,0.4124154,0.09848495,0.3371352,-0.14709525,-0.050084084,-0.07620495,0.29847613,0.7779989,0.7989272,0.5148431,-0.14790629,5.9533997,-0.3409443,-0.55134547,-0.553265,-0.2248465,-0.39611802,-0.06050895,-0.3318466,-0.10957305,-0.22721973,0.28952348,0.7508532,-0.0145816505,0.1915595,-0.090332285,0.2628417,-0.33687645,-0.24140492,-0.08080566,-0.32878768,0.23312476,0.36594212,-0.36493427,-0.18477038,0.085520655,-0.14378062,0.040132187,0.2824087,0.0037157834,0.41788787,0.30229822,0.34154606,-0.21768749,-0.4543829,-0.7072383,-0.34100118,-0.059831828,0.4383658,0.44285962,0.4279083,90.22558,13.638699,33.42677,13.73414,13.819768,8.949271,7.6904063,12.111151,7.1043324,12.837926,8.479309,15.080747,8.980682,8.338753,7.4363704,8.710903,8.393437,5.2513976,7.440902,4.2656612,5.8537254,8.360854,5.887928,4.3863254,6.420674,3.5297453,3.0942593,5.779356,6.5661864,6.5936055,5.6916494,5.106494,8.36477,8.858649,10.917777,8.303225,12.760231,12.996925,15.08369,11.44555,19.545555,2.8263211,5.5294833,3.157233,2.9229286,1.5600495,1.6576738,2.5351589,1.8931869,1.9137748,1.7010776,2.5623872,1.1602577,1.6447837,1.1784225,1.3701781,1.9767263,0.9681225,1.3102306,0.7483057,1.2598151,2.0951686,0.8938138,0.82453483,0.8989675,0.57538116,0.5908991,1.085345,0.9136029,1.5680381,1.0416187,0.5949922,1.9298426,1.875525,2.4681513,1.560699,1.6033806,1.6000359,2.8977592,2.5260422,14.018135,1.9042013,4.1207476,1.3073218,2.2316816,1.602905,1.3129603,1.9620869,0.9573447,1.1068605,1.2249607,1.8652948,0.8004739,0.92664236,0.83324206,1.0073855,1.3194584,0.64889735,0.8054638,0.7261179,0.98932135,0.87922484,0.88084334,0.7744328,0.4833406,0.4793491,0.518902,0.6770869,0.46514952,1.0267411,0.9650791,0.71517026,1.068332,1.605345,1.7500349,0.9157976,0.8403539,1.1656609,1.4953686,1.9158958,Hoang_Nang_Minh
-476.1659,110.5706,-35.357273,-4.1832232,-39.67135,1.8593848,-14.5863695,1.7276433,3.5957546,9.392107,7.7206435,0.5818249,-13.305016,-1.8123243,-12.594009,-1.0436597,-4.0272255,-9.101404,-0.0803653,-1.5456464,-6.1267843,4.366168,-7.637587,-6.032855,4.430009,-1.6569555,-4.174717,-3.5187168,-2.805966,-0.3566614,-3.327537,-3.4169886,-10.279385,-6.8429766,-7.2297688,-1.0579062,-3.1517596,4.5455875,0.66711205,1.387275,10.802536,1.7065866,-1.9999576,-0.087706685,-2.4022026,-0.31594756,-0.3163104,0.6785846,-0.3707908,1.1936868,-0.09008811,-0.9134146,0.08353336,0.10746744,-0.52837753,0.433973,-0.3149741,-0.25066027,-0.077671796,-0.056062363,-0.17649542,0.41854125,0.21091695,-0.53814733,0.39933074,-0.1001522,-0.30063394,0.065730184,0.21790858,-0.04751736,-0.0386606,-0.26012927,-0.34688276,-0.03844425,0.053789888,0.120238304,-0.35709354,-0.32388476,-0.6215465,0.007242352,4.465187,0.8122417,-0.8113544,-0.13077967,-0.58617085,0.5779927,-0.17576456,0.13288763,0.06575023,-0.09608388,0.35143113,-0.3367365,-0.33973238,0.2879188,-0.20313844,-0.36367363,-0.17541748,0.06933524,0.18402556,-0.07509896,0.097197965,-0.24820986,0.0859506,-0.025672603,-0.0661718,-0.13975811,0.10820254,-0.03555029,-0.056766756,-0.025472455,-0.07977891,-0.0925133,0.02925805,0.046538886,-0.06280706,-0.10211733,-0.03682018,-0.13344578,-0.16905457,0.16628738,138.14467,25.114239,28.037413,8.964786,26.969929,11.493881,14.584168,8.914909,11.448091,11.301101,14.545529,11.524552,9.222204,8.647523,8.657822,5.9576664,6.273492,4.6978135,5.7589974,6.2508745,5.691549,9.343861,5.5226283,6.5080576,4.3033104,4.1624393,3.850683,4.9266615,5.6561027,3.8301127,3.2129931,4.7130685,4.9806523,4.8866224,4.0207477,3.6424222,6.461381,8.164594,8.764868,7.810198,34.49022,5.3882093,6.4804683,1.8781847,6.16468,2.3144858,3.0385675,1.7308973,2.3740664,2.1311004,3.5963209,1.5388618,1.9023607,1.4700156,1.9295276,0.9729936,1.3856126,0.98472214,1.3584809,1.255442,1.1146809,2.1688757,0.9171288,1.3648747,1.0021387,0.8193584,0.817861,0.9175631,0.7665033,0.80073327,0.65987474,0.79704297,1.1525732,1.162733,0.8754976,0.5496613,0.9741854,1.0047786,1.2095646,1.0391192,20.03394,2.9772341,3.5639777,1.0747061,3.4492795,1.6586319,1.3546183,1.0913302,1.2954378,0.70624745,1.3049468,1.1790366,1.2869837,0.944555,1.2659171,0.89492375,0.8972743,0.51145816,0.9906557,0.69565105,0.72062576,0.7659197,0.5675822,0.9827965,0.37945282,0.6577822,0.48308408,0.5130972,0.53588015,0.5069489,0.411565,0.45645335,0.49274123,0.7089589,0.56866497,0.5701247,0.67319465,0.6096054,0.80264825,1.3630792,Hoang_Nang_Minh
-543.1774,72.44859,-34.447086,20.793285,-5.1485963,7.1111584,-10.945456,23.113768,9.310129,-2.1107712,7.7316027,-6.927952,5.4852085,7.001585,-6.699402,2.8449912,-1.7570933,2.7790248,-6.6763453,3.908187,-4.860891,8.595436,-5.352805,-2.4199147,2.1212866,0.30492955,-2.7595768,-2.09449,0.33066556,0.2868176,-3.7811031,-3.002355,-4.5512133,2.5055206,0.15632507,-3.6960511,-2.741149,-7.923423,-6.8398833,-3.7067454,2.0676136,0.3664975,0.25131965,-0.41366556,-0.36188665,0.20382112,-0.03065519,0.2655469,-0.79712564,-0.11964674,-0.049255785,-0.5962341,0.10284105,-0.02477881,-0.0062729716,-0.02412148,-0.17072177,-0.13759238,0.0740575,0.05780498,-0.41546756,-0.081815735,-0.34384483,0.0149854645,-0.057946045,-0.033740018,-0.014288284,-0.034594454,-0.056471616,0.099417195,-0.0206533,-0.050762832,0.09077509,-0.148705,-0.15611333,-0.10538774,-0.10964706,-0.1776686,0.10553714,0.2973925,-1.0318485,0.25805846,0.6513164,-0.26594752,0.010858417,0.23094924,0.2532615,0.009068258,-0.23167147,0.28195748,0.1277583,-0.3862948,0.2041782,0.15658547,-0.025261555,0.23427147,-0.010954507,-0.03908553,0.008029122,-0.064694345,-0.068279885,-0.08621034,0.085197404,0.07884,-0.07049222,-0.12121884,0.029969461,0.086924806,-0.08638939,-0.08627773,-0.0879448,-0.101739325,0.1568565,-0.03375469,-0.055744715,-0.021515984,-0.00060675293,-0.15596488,-0.18210073,0.020468384,157.64568,16.739044,33.984585,15.952037,19.600567,9.227328,16.00424,7.678283,9.139166,6.9538574,6.5539336,11.7926035,5.9569197,4.53637,8.243239,7.2123423,6.5001645,3.5116498,6.9207697,3.7066429,9.060097,5.6808424,6.554345,4.0637064,4.5860248,2.670847,5.8578057,3.906951,2.028765,2.9698558,3.2530537,5.6651363,5.7786713,2.8431895,3.2705271,2.3138535,4.005485,6.808423,8.374115,7.566139,33.762943,3.4782858,6.935171,3.5143354,4.281558,1.9522016,3.3942928,1.8407474,1.4008529,1.3986509,1.3336142,2.5833094,1.1007618,0.81055653,1.5050393,1.4366653,1.1788082,0.8563998,1.3456196,0.68886834,2.1423748,0.9442561,1.5474751,0.7908609,0.91683644,0.39187822,1.0882505,0.70759296,0.26028863,0.4085557,0.62469846,1.1549729,0.98900974,0.60964966,0.5155001,0.37249118,0.76294565,1.3033137,1.7089058,1.7683568,6.037072,2.0550141,1.233674,1.86787,1.1687427,1.3747945,0.45087424,0.62640643,1.3368902,0.721951,0.707188,1.428708,0.6137972,0.6759282,0.5548421,0.6356657,0.6133265,0.5643016,0.4066374,0.52933294,1.0128137,0.38922158,0.51012665,0.39532313,0.5266263,0.34189174,0.4939114,0.43705285,0.28227288,0.3683804,0.31551984,0.72447634,0.5668373,0.34812042,0.4622059,0.31523278,0.63980556,0.8022991,0.69510764,0.74137586,Hoang_Nang_Minh
-542.2444,91.41226,-33.0957,-3.872161,-13.348636,24.545177,-7.0875077,25.044048,6.1045237,1.1751381,7.766244,-10.309435,-9.090359,5.690839,6.5654244,-4.140491,-1.5534211,2.2981958,-3.1546257,-1.7619474,0.5266306,3.1656735,3.1478631,-2.0519624,-0.10788262,-2.8254776,-2.736307,-0.796976,-2.404733,-3.538558,-4.878003,-1.7953601,-4.901101,-0.473485,1.623661,-3.4792833,-1.2843775,0.43625173,0.22754002,1.5344445,3.3232727,1.4123263,-0.5672823,-0.57594204,-0.5923603,-0.06986375,-0.38685602,-0.14427459,-0.31147215,-0.19376247,-0.06558512,-0.20988187,-0.26850617,-0.24553949,0.055938315,-0.050371274,-0.19086224,-0.072849184,-0.1308186,-0.19901618,-0.3468538,0.07216068,0.20005158,-0.020347295,-0.10603307,-0.120523944,-0.24880232,-0.082924664,0.06454854,0.04333522,0.051205274,0.17210391,0.15547326,0.19065537,0.20225513,-0.044028215,0.017631466,0.19785544,0.4365735,0.41455582,1.9064599,0.37673375,-0.38972482,-0.23634066,-0.55303025,0.011606045,-0.2727468,0.009305224,-0.025651276,-0.05141166,0.28565657,0.119682565,-0.12479946,-0.16995354,-0.08970396,-0.030242853,-0.03459791,0.013868935,-0.07701594,-0.020734116,0.00029663742,0.009992927,-0.103230596,-0.0078017544,0.07938986,0.13433176,-0.005936146,-0.091915384,0.005030982,-0.0034702942,-0.035256647,0.058618236,-0.12395266,-0.085128814,-0.058981843,-0.10500635,0.051147483,0.047062945,0.07459507,-0.03080839,171.34279,29.409218,46.42818,13.907969,27.690525,7.97229,23.718512,11.512604,8.347808,4.9458036,9.163197,9.23974,12.150523,8.754706,5.3850446,6.0413284,3.775536,6.2323637,4.759637,4.02392,3.259902,4.25201,4.41076,6.0710316,2.877503,5.2140718,6.107371,4.0709624,3.473136,3.8444061,6.098059,3.4289753,6.645153,2.6124945,3.8656316,3.4887466,4.0826015,2.6836915,3.8761356,4.4587703,35.386806,7.2718754,8.789718,2.347403,5.700234,1.538824,4.9123197,2.3747184,1.9131626,1.2963157,1.6442249,1.6136808,2.4950113,2.0626123,1.0897834,1.159591,0.6989848,1.2074676,1.0723208,0.6813519,0.7126904,0.8161547,0.8553524,1.1779166,0.53099036,0.77991843,1.2733221,0.6617479,0.66908956,0.6720849,1.1983511,0.6078538,1.3641136,0.2772854,0.71074826,0.5696174,0.7777065,0.55569005,0.90397435,0.76921886,13.695401,3.9432356,3.3007243,1.1078517,2.6841097,0.6928072,1.9084679,0.9830372,0.6821059,0.7763308,1.3459594,0.3874861,1.0036882,1.0865471,0.6246511,0.3855284,0.7104575,0.59822154,0.69143814,0.525605,0.44474202,0.4837139,0.70275295,0.5236483,0.38343567,0.36788908,0.67547506,0.50154823,0.4965143,0.34221447,0.41081744,0.41102767,0.62093097,0.24103324,0.4831165,0.3255456,0.53236264,0.3724485,0.5876838,0.6654152,Hoang_Nang_Minh
-646.63116,115.41153,19.25307,22.296923,-1.4761815,-5.744531,-0.19985628,11.541197,-1.7044011,3.2196712,0.4942243,-1.6256545,-4.5146885,1.6501927,-3.0336065,1.4401529,-1.8395506,1.7975957,-2.1283808,-2.6956735,-4.0548353,3.5308003,-3.4869478,-3.864789,-3.8077228,0.6703274,-2.191413,-1.5344906,-2.1142764,-1.4828534,-3.56844,0.8287189,-4.2127967,-3.3383887,-4.9742503,-0.9911144,-0.13758808,2.3865755,2.7390237,4.37374,0.73543537,0.63740075,0.5538383,0.34339467,0.025994793,-0.15069744,-0.06705636,0.12792109,0.027802296,0.0031173304,0.005696811,0.16246104,0.265705,-0.16333193,-0.35535675,-0.34631848,-0.28556922,-0.070042744,0.03542028,0.119497955,-0.021239024,-0.022061713,-0.06553421,-0.055035148,-0.13807377,-0.08465307,0.020040717,-0.0018502269,-0.20790896,-0.21762171,-0.24459419,0.10102785,0.18577144,0.06972551,-0.19028015,-0.2572143,-0.039232224,0.023175513,-0.031475905,-0.28791043,-0.08744383,0.546221,0.26390916,0.10171464,-0.08622174,-0.10602937,0.09371039,0.06767168,0.046786755,-0.096221074,-0.054358292,-0.1474838,-0.25298738,-0.07281564,-0.15719098,-0.18168664,-0.08610837,0.09668015,0.08631009,-0.031044755,0.14748311,-0.11284066,-0.034528304,-0.08854664,-0.13404723,-0.12318215,-0.030695766,-0.076541774,-0.073740944,-0.06834106,0.023896724,0.050650913,-0.0626304,-0.033031344,0.028539363,-0.039571553,-0.024535,-0.07158394,-0.08015697,-0.05361462,76.184395,49.9388,16.776575,10.552502,19.069904,23.95969,12.781165,4.305092,8.445772,3.6760342,4.8899693,11.10743,7.7725163,5.8738675,7.9415245,6.013711,4.84934,3.7763903,3.838462,5.244544,4.977842,4.2560596,6.983579,5.6729503,3.8156404,3.8350322,3.9866438,4.896679,3.704261,4.2863474,5.504068,4.7321672,6.162658,3.5325391,3.4024427,4.006021,4.239732,5.2883024,5.216471,4.8215003,14.938979,9.902705,3.5777884,2.3011987,3.9734674,4.701603,2.635596,0.7867918,1.7207757,0.6675781,1.1362251,2.5356646,1.5004342,1.4357032,1.554733,1.3979437,1.0896807,0.7673626,0.6732039,1.0697155,0.97964865,1.015503,1.4194579,1.0293221,0.44041038,0.7551115,0.75879467,0.8952451,0.6030781,1.0522994,1.214056,0.8710637,1.1130472,0.6757537,0.7526714,0.8887364,0.84841233,1.1258179,1.1864189,1.1484146,5.8345337,3.820445,2.1534398,1.0321128,1.6110976,1.5494807,1.3340795,0.48782122,0.91800517,0.43895367,0.729403,1.2646328,0.81304634,0.92273664,0.70685947,1.0253575,0.70810986,0.63985264,0.5740625,0.6100355,0.49727383,0.5886865,0.49915165,0.61744344,0.59202427,0.4893648,0.49864584,0.34218353,0.4690459,0.6075397,0.89859015,0.648877,0.53946936,0.34656546,0.45398152,0.59937453,0.5627982,0.5968844,0.58716327,0.5736723,Hoang_Nang_Minh
-593.58984,93.56884,-16.71675,12.7173,-8.851248,16.703749,-7.2314224,10.463333,3.6058536,-1.7344209,5.5036077,-1.352195,-4.3455205,4.437715,-0.008170769,-1.42854,-2.6308208,0.6433753,-6.6829324,1.6922479,-0.4912219,4.969773,-2.647617,-4.8033876,-3.9928408,-0.4217006,-3.528249,1.8415504,-1.6327453,-3.194401,-1.3203964,-3.7249196,-3.0892768,1.9108484,-1.0484171,-0.7098427,-2.5624402,-3.4217792,-6.085641,-4.6233845,2.8750892,1.3127565,-0.1658344,0.07143545,-0.7814096,-0.5966709,-0.675686,-0.2806078,0.060096294,-0.20741452,0.067154914,-0.35965323,0.08282774,-0.20443219,-0.40651226,-0.20836443,-0.016510978,-0.046386413,-0.11471513,-0.2344046,-0.2441104,0.14224637,-0.058410127,-0.14629006,-0.046348635,0.10825953,-0.22002058,-0.12607424,0.055920336,0.021421973,-0.0363674,-0.18181121,-0.25552088,-0.0209648,0.13364145,0.13231303,-0.02275177,0.028617114,-0.13591558,0.009881498,1.3291284,0.19975126,-0.60073304,0.042344406,-0.22805068,0.06318381,-0.2285479,0.055701256,0.15840468,-0.176611,0.07568695,-0.04858687,-0.18054843,-0.24930012,-0.10688966,0.012518849,0.052676275,0.17295426,0.07242138,0.042189073,-0.13166998,-0.02674909,-0.005122451,-0.21842094,0.15684924,0.048172172,-0.00024986267,-0.04716912,-0.055443063,0.019676838,0.06022055,-0.27768257,-0.20222214,-0.092323385,0.07568359,-0.022367135,-0.07420273,-0.14579716,-0.104683764,-0.11904772,136.2795,25.037436,32.33875,5.9689803,20.571218,8.713786,16.468912,5.984687,5.4766865,7.903673,5.896006,8.677098,8.630285,4.893156,5.1387534,5.427424,3.8826327,3.7568004,7.5688195,5.4099617,6.7616596,5.6070504,2.7536507,5.343613,3.7972574,3.2879484,4.4475107,2.116523,3.4279559,4.53916,3.4460382,6.056219,5.9839196,2.4863944,3.5814629,3.1138227,3.5233634,4.5803814,5.665984,4.0152245,29.46374,5.597628,6.555245,1.165556,4.6747837,1.8224208,3.958046,1.4302015,1.0809681,1.6069763,1.2348425,1.8153005,1.6743737,0.97770625,1.1582322,0.9253989,0.8394267,0.75717413,1.5755396,1.5369525,1.6955758,1.1721466,0.49738583,1.0498812,0.51561046,0.61360824,0.99530464,0.32539618,0.58831006,0.9168465,0.6589567,1.2638539,1.2867212,0.41509938,0.6216161,0.5176749,0.6566595,0.85041255,1.0845321,0.682925,11.416814,2.7286968,3.3595924,0.961266,1.9292276,0.93565744,1.6485908,1.033689,0.9491122,0.61558753,0.7599994,0.6629181,0.8384709,0.7781759,0.93001646,0.64295405,0.6776871,0.49015513,0.5387806,0.6203218,0.80717546,0.8331115,0.3408803,0.8291166,0.5460129,0.44692996,0.47597095,0.27643695,0.38523057,0.2114807,0.24865106,0.83325547,0.71070844,0.33341727,0.43971813,0.307486,0.4906298,0.53970766,0.39492843,0.4069922,Hoang_Nang_Minh
-583.03876,107.401825,18.131725,-11.550045,-35.59338,3.7534227,-2.0784113,11.183796,-1.5223608,4.441371,5.373262,5.6453824,-1.8399982,-4.6977806,0.8456906,1.6345301,0.5763654,-1.905788,-7.247095,-2.6946688,-1.2449162,0.54151094,-2.268737,-1.3387976,-2.4833992,3.233284,-1.46941,-0.950371,-0.3881209,-1.7915223,-2.3029938,-4.5476007,-7.2909513,-1.6488936,-4.237257,0.07901962,0.38544723,-1.26506,-0.23484585,-0.40166336,1.6433115,0.23940015,0.099775344,-0.17909819,-0.06696993,0.28640148,0.28293622,-0.07378578,-0.1589709,-0.03662137,0.032236695,-0.12973511,-0.49301454,-0.27907264,-0.34931028,-0.03960571,0.12742475,-0.19034772,-0.2460372,-0.10078777,-0.25946718,-0.043974318,0.0831357,-0.031056684,0.019538313,-0.10238688,-0.16926637,-0.17885253,-0.16673693,0.043827917,-0.013333812,0.011013344,0.037018016,-0.086021595,-0.10556358,0.18465778,0.19043031,-0.0050840676,-0.013041563,-0.08996026,-0.9992596,1.7675977,-0.34448195,0.19806775,0.24549776,0.17616025,0.54772556,-0.41944045,0.030651245,-0.17021492,-0.16316149,-0.030934729,-0.2392197,-0.05258636,-0.11236971,-0.03707691,0.12683366,-0.08653273,0.0970076,0.20720097,0.06611394,-0.122305945,-0.0066388138,-0.12365243,0.07807118,-0.11807655,-0.07040188,-0.17281991,-0.19574824,0.075234026,0.07006192,-0.117675036,0.111052856,0.031000875,0.14302398,-0.0059885085,-0.0830531,-0.0003965646,-0.012349635,-0.041450623,128.48567,58.77725,21.967928,16.848791,32.978985,7.009537,11.550671,11.186224,7.1808543,4.904737,7.4035063,4.215967,7.9587703,6.000118,5.7013516,4.5494814,4.6090508,4.079081,6.4913483,5.288378,5.6389046,7.3292475,5.489509,4.071905,5.377776,4.786191,5.8645864,5.1209626,3.6114304,2.8194163,2.660046,5.60488,5.2181377,4.411235,4.031697,3.2137673,2.870245,3.2023067,3.466089,2.9219968,27.032015,11.206162,5.524561,4.1389503,6.576102,1.5439558,2.2949514,2.04891,1.4431809,1.1056491,1.5962093,0.66935897,1.7361062,1.3174323,1.4660031,0.88453,0.86329406,0.82940465,1.3459437,0.9022877,1.3762393,1.3869661,1.1753939,0.89597964,1.0321257,0.75934196,1.3145,0.9962623,0.7048905,0.5294888,0.48561224,1.1006196,1.0386733,0.9440212,0.777197,0.528603,0.61107916,0.5969442,0.7516445,0.5663371,5.3524303,6.0480595,3.8541565,1.4944507,2.0700665,1.2691234,1.610534,1.3683875,0.71451455,0.48079076,0.77819216,0.6211094,1.2180672,0.7389524,0.99145436,0.48270625,0.8888537,0.49483505,0.42514768,0.57966524,0.88496333,0.6072559,0.53204566,0.6748545,0.52448636,0.64974135,0.79031783,0.65711176,0.5833645,0.3969747,0.20969272,0.6458293,0.363144,0.5822371,0.60766554,0.36796504,0.438768,0.411523,0.36715645,0.27676558,Hoang_Nang_Minh
-623.7246,96.017975,-8.363783,12.515562,-14.9623785,13.97818,2.9347281,15.968655,5.323169,0.40407252,3.2014062,2.5902028,-7.555808,-1.8972514,-1.6501989,0.5104176,1.008954,0.16735762,-6.6174493,-0.015303016,-2.861291,5.9923964,-2.683343,0.27459496,0.089512706,1.3466039,-0.8925723,-0.091054104,-1.2445539,-4.2704153,-3.2274616,-4.289407,-4.7810955,0.3893375,-6.7102857,-3.0088873,-3.476211,-0.15125331,-0.56232184,1.4301184,3.8291311,-0.4102041,-0.52807885,0.74573874,-0.46455014,-0.03004244,-0.29514676,0.5517982,-0.016732723,-0.1493141,-0.08920986,0.11518488,-0.47970435,-0.33451104,-0.01037325,-0.43928784,0.073766254,-0.11885436,-0.09476437,0.026234694,-0.1788581,0.27973834,-0.1770969,0.07784925,0.04836307,0.1248613,-0.13800058,-0.32519752,0.13554093,-0.23244844,-0.08473852,-0.1770589,-0.3728611,-0.12346444,0.05434312,-0.0072204582,-0.2666924,-0.04525346,-0.08418858,0.40816984,0.28433502,0.4383761,0.26889992,0.02850464,-0.20963866,0.13074654,0.14558357,-0.029327866,-0.07221601,-0.03425722,0.06326148,-0.09181802,-0.12857547,-0.024023324,-0.26995522,-0.20699671,-0.043553323,0.09265779,0.04250907,-0.08605616,-0.0456643,-0.2099104,-0.020030193,0.03795995,-0.07069133,-0.026438644,0.065287836,0.0033007488,-0.0020038337,-0.11016366,-0.13239428,-0.05371052,-0.15101746,0.06030257,0.0065316595,-0.011634126,0.07106712,0.0056551434,0.06424247,0.01596082,113.04982,38.514458,24.444056,8.333056,25.648746,6.7987576,5.9479537,5.0014477,8.295053,5.688652,7.6134815,6.4595966,10.863419,4.8022695,5.453276,5.8117924,4.257174,4.4777617,7.271179,5.4118943,4.7205257,4.5104556,4.4582624,3.380851,3.1961167,4.9707026,3.9595077,3.5953293,3.5142057,4.744488,2.954545,5.86057,5.196764,2.6084776,4.3123293,1.9524121,3.1608608,3.7442713,3.3173444,3.51443,24.784716,7.928766,5.568332,1.9569826,5.5874205,1.3289564,1.2378958,0.64779145,1.5574762,0.9731341,1.4333702,1.29561,2.1855855,0.954152,0.9493343,1.4533477,0.68416363,1.0980014,1.5995057,1.230379,0.9357056,0.9962281,0.87476325,0.74399775,0.6184262,0.98692995,0.7198934,0.8457146,0.74883187,0.9533298,0.4929372,1.2164923,1.1405315,0.46718168,0.80227906,0.3330847,0.6426587,0.7866886,0.663838,0.5289613,9.900557,3.3048096,3.1993012,1.3376596,2.9866915,1.0890809,0.85937333,0.44280165,0.6039408,1.274927,0.9047892,0.5287537,1.2476431,0.70041853,0.9000311,0.72067803,0.3425946,0.42691556,0.62635964,0.71902084,0.7748375,0.78221697,0.45538062,0.38258126,0.63197464,0.58221906,0.32117718,0.3329424,0.40616536,0.55324686,0.3820434,0.6798723,0.5717398,0.39823642,0.58740705,0.1866672,0.41324317,0.51162934,0.49316108,0.31032792,Hoang_Nang_Minh
-581.916,108.47645,-17.65846,-2.2872045,-20.801538,27.707752,6.1203966,12.65374,-5.394185,4.1968746,-0.77261394,-2.4498763,-9.066677,-1.0937707,1.5293028,2.3151593,-1.6477216,-4.4886417,-4.0013905,-3.1409445,-1.3395932,2.1082404,-4.6428733,-3.6794767,-1.3279767,1.0879297,-6.354709,2.2885725,-1.7687773,-2.5237288,-1.5244461,-5.663563,-2.0406306,3.504881,-0.98095596,0.71165144,0.49833333,2.638875,1.3362,0.48341382,4.0663023,1.0669575,-0.47727406,-0.3547598,-0.4808784,0.32051927,-0.6039429,0.22477262,0.19932804,0.13819146,-0.11107932,0.055232402,0.12829322,-0.20053336,-0.1129152,-0.13054544,-0.25945657,-0.19273782,0.18153618,-0.09102873,-0.1646325,-0.17646459,0.15529114,0.047169365,0.028836103,0.0664302,-0.3206612,-0.030639477,-0.10162957,0.008989647,0.049372584,-0.16689381,-0.3837791,-0.21555385,-0.17938879,-0.067971736,0.02784799,-0.060068294,-0.013755344,-0.0016341954,0.5759365,-0.22238106,-0.4360236,0.09866999,-0.13410246,0.08736734,-0.055061877,0.1592131,-0.173145,-0.17720053,-0.08741321,-0.053417794,0.05389954,0.0852737,0.25597218,-0.108433425,0.092480056,0.037911918,0.08861269,-0.07870977,0.09860953,-0.03195251,-0.15987721,-0.017338157,0.026492998,0.09804611,-0.07785478,0.007586587,-0.14229757,-0.09031056,-0.23229003,-0.15457132,-0.091598295,-0.007460201,-0.05715014,0.02648066,0.008103423,-0.087735236,-0.004812993,-0.11896457,139.57425,33.92955,24.899858,10.776881,26.67633,12.8257675,11.747591,7.4182196,4.06211,8.913808,4.118121,7.429117,7.251794,5.3593807,5.0279317,3.5341809,3.767578,7.5851054,5.041589,6.852233,4.221702,4.4935346,4.8915367,3.329715,2.7783535,3.8267474,6.8248744,4.4448657,4.799704,3.1184905,3.2011983,4.999109,6.3297167,3.4999645,4.8986115,4.8025064,3.0724175,3.2967281,2.9066033,3.2848406,32.209564,7.119878,5.690512,2.884829,6.162449,2.5727966,2.8698335,1.9309446,0.57033986,2.198098,0.54408926,1.5281367,1.4578402,1.284088,1.0366523,0.6496317,0.64249647,1.9824233,0.8165711,1.4240324,0.8299997,0.9295701,1.0222336,0.56163317,0.49545926,0.77834797,1.66498,0.7876385,1.1071082,0.5774289,0.6102351,1.0919963,1.7058661,0.70642257,1.2010301,0.93511903,0.55313283,0.7577921,0.65431774,0.54474163,10.680689,1.9946905,2.9222047,1.112661,2.2520802,1.0157107,1.0446324,0.9631806,0.6071238,0.8228026,0.5169199,0.64928555,0.48339444,0.57777244,0.92008996,0.61597514,0.5956637,0.66669846,0.730499,0.95503783,0.40251198,0.6501735,0.63564783,0.2774959,0.33464405,0.35829404,0.6543261,0.57950985,0.58722335,0.40241262,0.53588104,0.6344057,0.7221916,0.40372214,0.7588942,0.51552737,0.44093516,0.53814566,0.38893262,0.5301789,Hoang_Nang_Minh
-605.0622,66.630905,15.765749,39.34716,-11.58746,4.4405975,6.7596245,-0.17110915,-11.285784,-1.6817157,-1.1242032,-7.105297,-2.9163828,2.1595511,-7.0274005,-3.110015,-6.0192323,-1.8883209,-10.033773,5.9024773,-3.4495642,5.34976,0.5792644,-2.0439606,-1.9600482,2.6692405,0.047186792,-2.5010824,-2.0194669,3.1127267,-6.359968,-0.6476338,-1.4668027,-0.3007394,-2.1231794,1.117767,1.3244402,0.48868695,0.09429544,3.2851782,4.278289,-1.6147956,-0.5904585,0.18412054,-0.8224877,0.09510825,-0.90653086,-0.23224518,0.392441,0.3730339,0.48222923,0.21118465,0.023068147,-0.4219389,0.38782173,-0.18059018,-0.3602321,0.044499595,-0.4317286,-0.07764892,-0.19074202,0.20187238,0.16710272,-0.12933572,0.19358787,0.35103536,-0.2918406,0.013215378,0.53635085,0.08524635,-0.10348463,-0.02436783,-0.08303808,0.30894583,-0.13046056,0.011683926,-0.0059650876,-0.17665632,-0.08093358,0.12717351,0.5884944,-0.12825006,0.4976747,-0.2922172,-0.23258246,0.071454674,0.049507923,-0.30428898,-0.038274854,0.041424185,-0.06951052,-0.22071034,-0.2406538,0.02321509,-0.2011998,-0.053580318,0.08972869,-0.076212555,-0.18631813,-0.08834629,0.16026615,0.09446811,-0.09247813,0.16024174,-0.0075905137,-0.048010405,0.16658184,0.03810121,-0.062518835,0.077964045,-0.051872686,0.04525452,-0.030845448,-0.13586825,0.021695927,-0.089119844,-0.0037631039,0.098579094,0.07760301,0.14999704,98.4345,22.578272,24.735678,29.132267,17.276352,12.997145,8.952095,11.294306,8.408832,4.7081084,7.541613,10.781549,6.40837,5.3036838,11.217869,5.131272,5.2772164,4.903838,6.1222057,5.3853974,5.24869,5.64073,4.319586,2.5509787,4.1022067,4.5145726,4.693315,4.741022,5.937424,5.4017253,5.820069,3.180296,7.683011,5.4274945,6.052854,4.596946,4.558164,4.352363,4.5523033,4.5062227,20.928732,5.5196624,5.0768223,5.4603086,3.6604404,2.5780652,1.9803262,2.329177,1.6088868,0.87814564,1.7110441,2.0285459,1.1042521,1.1784439,2.259808,0.90802014,1.2608302,1.2158759,1.130506,1.0844872,0.7783873,1.3102396,0.7797855,0.4147921,0.71115905,0.803795,0.97419703,0.934239,1.0536653,1.0517788,1.1648129,0.7317861,1.5719267,0.98163015,1.3928926,0.99433047,0.8476708,0.8203682,0.8821025,0.6665286,8.446147,2.9166825,2.36348,2.3633122,2.0961416,1.0609555,1.6606706,1.0214715,0.92103416,0.8141645,1.0122609,1.0019565,0.8188016,1.076685,0.96994996,0.49765864,0.51746804,0.72609746,0.5929684,0.88040245,0.42109942,0.7138239,0.68804157,0.40504017,0.45755714,0.63146424,0.62251043,0.5596407,0.8539956,0.49488527,0.59202766,0.415475,1.0509672,0.64810795,0.8827127,0.73842686,0.7594771,0.572846,0.5567087,0.79716736,Hoang_Nang_Minh
-401.38593,51.281837,22.641983,35.26914,15.320177,15.841116,3.8724978,17.627552,0.30065948,2.894295,-7.2055855,7.9865274,1.7074225,10.248335,1.1782529,5.626329,-2.4115403,11.213268,-0.014635801,4.682847,-0.7973114,2.7408562,-1.1169102,3.3877535,-0.21085562,2.1117797,0.9565871,3.2468307,-3.884674,1.3954687,-0.62349504,3.4543762,0.56439364,4.6727514,0.3462187,1.0352137,-1.3474206,4.673278,1.4875777,2.9491844,-1.6535244,3.2414823,0.3190102,-0.03145916,-0.38654947,0.44718704,0.31790766,-0.47305083,-0.011678273,0.5061667,-0.4518692,-0.06542975,0.5765053,-0.07753814,0.17991799,0.26572898,0.3390907,-0.21363054,-0.23461421,0.2447337,0.17616613,0.004507647,0.10844414,0.1029797,0.0015354212,0.084571496,-0.73673916,-0.412692,0.16087437,0.07873501,-0.35715434,-0.5003638,-0.37941897,-0.9302668,-0.18839064,0.07937622,0.29547453,-0.46143684,-0.48913443,0.024293266,-4.504731,0.5394156,0.0949441,0.010618687,0.019246653,-0.03513428,0.08601283,0.09049104,0.03955066,0.04810342,0.12608546,0.11707507,0.04347457,-0.1369885,0.2705902,0.39279148,0.26300573,0.08109357,0.21541288,0.10478372,0.10600384,0.04902065,0.21441042,0.0739702,0.08057316,-0.013672885,-0.2796828,0.26150393,-0.044703286,-0.25101626,-0.27516183,0.04200217,-0.24617027,-0.10193378,0.24753156,0.12082432,0.020504884,-0.25062346,0.14846982,0.1984967,91.50454,41.101868,6.895582,6.485851,5.680192,11.342912,5.064435,5.8017783,2.9346547,6.9122,5.519891,3.7507808,7.516677,3.183402,4.4393663,5.820111,5.4741564,3.3555634,4.821803,6.4284053,3.9049976,2.5076802,4.3480825,3.6456628,2.496905,3.1691506,6.559942,5.036007,3.6918828,3.5961442,5.28848,5.366,4.892938,7.561411,3.4909267,3.832249,4.3894515,5.758797,4.363263,3.5289898,16.104668,4.1712236,0.9809829,1.3175308,1.5998797,1.9937657,0.6082216,1.2521633,0.5115773,1.3795505,0.90654767,0.83974147,1.3387945,0.61791426,0.9924464,0.88759136,0.9408905,0.59678656,1.1516958,1.1070055,0.7046165,0.39362344,0.83638257,0.80242467,0.36807457,0.6295468,1.4331489,1.0146215,0.49080044,0.62105745,0.72137064,1.192494,0.6708896,0.79700595,0.5866293,0.7804378,0.6835663,0.72510487,0.70732534,0.6796057,10.375488,1.9598236,0.72082645,0.5501553,0.59013313,0.9412859,0.5287467,0.52279264,0.34693474,0.6142251,0.5511071,0.41668326,0.7028377,0.6114987,0.5173116,0.8663803,0.80721027,0.53998184,0.5005813,0.7097473,0.32595143,0.27670133,0.5988052,0.4616829,0.33039945,0.37678856,0.907272,0.776844,0.5504935,0.5917792,0.8432354,0.3949076,0.93488705,0.68457323,0.54536366,0.5450908,0.5391153,0.9156916,0.40279952,0.5323364,Nguyen_Hoang_Cuong
-416.45282,71.533325,54.5959,47.09079,10.43877,22.234451,4.735858,14.0077715,-5.3458457,7.3004155,-10.858616,0.25800192,-3.7308192,5.567957,-6.534411,4.2080145,-3.8515353,8.421493,-1.5558347,0.67398554,-4.450753,0.28702784,-9.323568,1.629334,-6.562589,-2.4827957,-4.4396253,-4.7621803,-6.465699,-1.980316,-4.035472,-1.4067278,-6.501732,-0.6369105,-2.046991,2.3298044,-4.14585,0.75035846,0.81282926,3.3281426,6.0993156,-1.7260653,-0.71091115,-0.3185217,-0.92048395,-0.014490515,-0.07387656,0.06823913,0.13020834,-0.054106876,-0.14042605,-0.47087938,0.16602004,0.12953424,-0.040752213,0.12419759,-0.20738728,-0.18250616,-0.255732,0.1744074,0.1622574,0.16557352,-0.23835836,0.27407366,-0.13571045,-0.0039065257,0.056790486,0.0889908,0.032748662,0.12719703,-0.14988163,-0.20267084,-0.12117064,-0.017287724,-0.17985797,0.114208914,0.0074260384,-0.06787445,-0.26124477,-0.33248168,3.0547965,-1.2161711,0.22617096,-0.64203817,-0.30013752,-0.28161767,-0.13981423,-0.16629604,0.12798859,0.27945355,0.021656469,-0.091054425,-0.09437193,0.34277105,0.08805364,0.20973897,-0.09891667,0.06271281,0.017219871,-0.016376302,-0.1772472,0.12329785,-0.11605996,0.052215353,-0.09719399,0.1672462,0.115079954,0.05098532,0.02312718,0.025628433,-0.13060164,0.07370126,-0.14101228,0.04403384,-0.110893756,0.12015985,0.0059381947,-4.4625252e-05,-0.05559454,-0.03546512,67.64501,46.26401,22.22628,15.981458,11.640912,9.534778,4.941143,5.7361565,12.859279,5.4013853,4.943167,5.9942102,5.588753,5.1414437,4.9721236,4.5277395,4.846056,5.4133544,5.114203,3.1994545,4.7142367,6.9178743,6.9819665,6.568634,3.7320113,5.6916213,3.5478761,4.8121495,4.5584545,2.5670037,5.079807,4.22519,5.3968143,5.0996666,6.894663,7.16768,7.0571384,6.8290906,9.202526,9.0217705,16.197681,11.506733,4.087732,3.1204326,3.0963154,2.0886974,0.98381317,1.4273398,2.6770375,0.83476263,0.9946723,1.2469624,1.2096013,0.8790813,0.96248925,0.74648166,1.0399551,0.83724064,0.9932359,0.7483883,0.86660403,1.548288,1.2942706,1.6051313,0.84898126,1.0160632,0.7303381,0.9761857,1.0884638,0.29957718,0.98858064,0.75100714,1.0396092,0.9991032,1.4718294,1.5068728,1.6000545,1.3551933,2.0011988,2.0926673,7.6158514,5.8500867,2.2446194,1.5589687,1.5206604,1.4327749,0.5668008,0.79529154,1.500218,0.8012246,0.40683693,0.69270957,0.84859943,0.82473737,0.4369332,0.7514584,0.77490175,0.65464604,0.80078346,0.40298456,0.6497245,0.92579263,0.7600069,0.89360195,0.37135193,0.58741736,0.45363727,0.5131227,0.65460646,0.24401334,0.5957304,0.6026461,0.95253956,0.68391603,1.07897,1.0095428,0.81165,0.55021197,1.0542183,1.2001772,Nguyen_Hoang_Cuong
-364.3822,80.60153,45.25202,38.84249,6.7218933,19.939796,11.77803,13.6484375,-3.559388,6.871915,-11.261762,2.927319,-2.1517854,6.795497,-6.359031,5.0037565,-5.2310724,-2.7762976,-5.41078,5.591025,-5.3655977,-0.17010671,-6.3129807,-0.55588424,-6.1347265,0.41776466,-7.4458475,-1.4969366,-6.8670416,-2.3893056,-4.715108,-3.705542,-6.3433204,-3.3192043,-6.56696,-2.625717,-4.7150064,-2.8737879,-4.519173,-1.689407,0.25871944,2.1896663,-0.13778405,-0.78150046,0.5669784,0.67209315,-0.03744881,-0.5282809,-0.59877133,-0.40613878,0.04171919,-0.35183167,0.3837235,-0.082014464,0.29422712,-0.27481523,-0.15057144,-0.1497246,0.092663825,0.04865379,0.00029559433,0.3777681,0.08708099,-0.15867576,0.07111918,-0.0997735,0.13747291,0.07217373,-0.080449015,-0.0007779673,-0.1154339,-0.032161955,-0.030315608,-0.009664945,0.1897024,-0.018745862,0.02799201,-0.19084325,0.011976741,-0.11645905,0.4454165,-0.5473189,-0.5192766,-0.5595038,-0.040275883,-0.08716674,-0.075105816,-0.039173387,0.0056659207,0.3649821,0.4858496,0.23389238,0.1756145,-0.049804226,0.19022039,-0.074199855,0.16645464,-0.05522723,0.023643263,-0.09173416,-0.1113432,-0.0015601963,0.14299981,0.006316358,0.19224942,0.16555771,-0.08921161,-0.093719184,-0.0396331,-0.053059105,0.0019232407,0.12572911,-0.102364,0.026405249,0.044549022,-0.014729448,-0.020545298,0.016741373,-0.17952882,0.034397602,61.122128,33.968346,12.411247,11.098298,14.282333,10.921655,10.870476,8.740016,6.959887,8.319772,6.7717986,6.020509,6.3918085,5.257088,6.332688,5.8115916,3.4628835,3.8146522,5.46444,2.951886,4.7399893,4.7631936,4.2267103,3.616821,3.7560306,4.7163134,3.4916275,2.988955,3.8928604,4.4936237,3.2868097,2.7087517,2.6663082,3.040134,3.1049333,2.163457,2.417401,3.2979784,3.8794882,4.6165385,12.347116,8.664343,1.9315678,1.7551951,1.6580548,1.1616619,2.2253945,2.4413502,1.9038372,1.5464702,1.0070353,1.053962,1.1444786,1.094995,0.77689636,0.8973339,0.6255798,0.69957125,0.92441106,0.3932762,0.9828172,1.0244329,0.59970295,0.4224657,0.5659717,0.5731927,0.5316122,0.5607157,0.79809684,0.9196574,0.6516809,0.508721,0.5154717,0.43924752,0.45292568,0.38939247,0.485241,0.83013177,0.72158915,0.8369702,8.638389,5.517298,2.119207,1.6173176,1.1139798,1.2713392,1.7416958,1.2214004,1.0891014,1.4399123,1.1231141,0.67570466,1.0639651,0.6947607,0.7223644,0.8831135,0.50849,0.6149462,0.47447804,0.3241862,0.55994934,0.45334402,0.5866004,0.52932894,0.53282684,0.6141827,0.50357056,0.38749087,0.41938794,0.5315974,0.4742953,0.3004513,0.43813646,0.44373947,0.36695045,0.2887231,0.31455594,0.3799669,0.6314958,0.6255789,Nguyen_Hoang_Cuong
-347.37274,45.10664,32.253506,36.402885,15.338254,15.25095,9.658784,15.137212,0.18491912,8.425408,-2.3574495,5.520535,-2.276325,7.4422665,-3.0281742,1.6807032,-3.651969,6.1042147,-1.093144,4.502388,-0.31396183,2.5915058,-2.085518,0.8840134,-4.9871984,2.4907703,-4.7596755,0.009914309,-3.398933,1.6224111,-2.7953796,0.036368787,0.7717743,2.3156948,-0.9951248,2.5426042,-1.0031352,3.1224623,-1.550566,1.0306013,3.8512783,1.1728612,0.039830387,1.1546749,-0.12935379,-1.0247567,0.106744476,-0.52782494,-0.74892163,-0.5418612,-0.05364093,-0.839219,-0.027649857,-0.23001157,-0.12231462,-0.18426841,-0.26793528,-0.09008829,0.0011078697,0.21261752,-0.029820748,-0.16644335,0.02002235,-0.0011526924,-0.17116627,0.11691165,0.20451066,-0.52975345,0.005191868,0.20628822,-0.059059724,0.021017361,0.17872068,-0.19430274,-0.19714347,-0.108242586,-0.019376189,-0.022013135,-0.21648398,-0.0070627034,0.06719315,-0.3338222,0.47116956,0.7711241,0.49286613,-0.08767636,0.15356186,-0.048818678,-0.1802237,0.1445389,-0.024553455,-0.24693736,0.12068221,-0.007588595,-0.01184677,0.06355487,-0.04660949,-0.15547857,-0.106618956,-0.00047048554,-0.029305417,0.14630824,0.15724738,-0.01759065,0.091118075,0.22829542,0.028888948,-0.017890222,-0.038358267,-0.021706939,0.011024054,0.07513816,-0.006275229,-0.12765573,0.04260198,0.019837849,0.15269068,0.2369378,0.008134365,0.2057783,120.16962,33.06792,12.866326,17.624285,15.476678,16.994823,11.999795,8.477996,7.9909205,9.59211,6.433438,7.460173,6.189389,5.326829,4.3410726,4.958919,4.4985437,2.8369913,4.21345,3.032139,3.6345327,3.7552962,2.806699,2.7476373,3.8932333,3.5747693,3.8220606,4.696327,2.1786945,3.6341166,4.191062,4.6336,3.1792367,3.6358256,3.1215055,3.0318923,3.810634,4.6454906,3.6506095,4.520565,24.648552,4.1620064,2.2654383,2.6512196,2.9026551,3.884756,2.127919,1.8089356,1.7638632,1.9496915,1.3085583,1.5466341,1.2153549,0.96156025,0.79767174,1.2165617,1.0763866,0.31856588,0.8390685,0.37661606,0.7511252,0.72538304,0.46725202,0.5671598,0.43545464,0.6392085,0.88186127,0.987785,0.374416,0.74269706,0.76708937,0.91989803,0.5997064,0.579159,0.5968854,0.47003686,0.69144416,0.7807193,0.87913877,1.1265591,13.972324,3.0312152,2.072725,2.231148,2.1227326,1.8212036,1.1062235,0.7858123,0.9369257,1.541847,0.9406051,0.9001057,0.8771573,0.54851556,0.6172458,0.60661954,0.46156046,0.38019946,0.63464737,0.26604918,0.41797101,0.4655161,0.34679878,0.29560816,0.38121054,0.44880387,0.6216868,0.5017539,0.2340019,0.47731632,0.40048382,0.4246879,0.62472504,0.4388946,0.3878212,0.36161613,0.43130627,0.5799258,0.5320524,0.5962772,Nguyen_Hoang_Cuong
-298.38452,128.51791,35.847458,33.24795,1.5180658,-1.7945052,0.7481123,-6.7291093,-13.353777,-6.3469152,-4.7209673,-8.522205,-7.651117,5.840081,-10.858271,9.229386,-12.227463,4.5808525,-5.6894197,0.39765012,-5.87814,3.5275764,-7.9531207,-0.2730093,-2.806996,-0.7441422,-7.217728,-1.6655834,-9.768576,-3.012041,-9.590776,-4.8135586,-7.0155077,-5.448966,-3.0156033,-1.6167896,-3.4786503,1.0440866,-1.6511827,3.8803494,-3.1390734,-0.28445393,0.15874624,1.9044528,0.065642595,0.07482236,-0.5648996,0.3746909,-0.2946568,0.30016273,-0.13263446,0.3169389,0.042844817,-0.083870515,-0.064131126,0.39096326,-0.5215527,0.21784088,0.37375003,-0.82508475,-0.05992727,-0.19237004,-0.058411017,-0.65167457,0.089302085,-0.49929607,-0.48846832,-0.20929684,-0.50648546,-0.038395528,-0.034140192,0.011294328,0.28171432,0.74854016,0.52272934,0.49946532,0.37883854,0.73167396,0.31120357,0.2979054,-0.46009976,0.25538725,-0.23378387,0.9064539,0.5424891,-0.104786664,0.3626403,0.09277118,-0.18807814,0.46143383,-0.40253899,0.062044203,-0.20730656,-0.42966855,0.2505143,-0.097479716,0.15439177,0.022597343,-0.023679446,0.24518943,0.078897305,0.06520402,0.05480788,0.030181179,-0.11969576,0.04883267,-0.16700399,-0.10733564,0.1688292,-0.20221415,0.24936914,-0.05018437,0.20889044,0.18540722,0.36075217,0.4251991,0.36839217,-0.14758758,-0.15249819,-0.8610499,58.239647,24.28986,18.93063,24.276953,12.136058,8.946148,8.520144,9.5194435,9.456847,13.84246,11.2723,4.799089,4.9772325,6.769696,3.7090952,6.702028,6.240823,3.6708412,3.9197497,7.9815826,4.413266,5.1607323,4.600061,5.8859477,4.041393,4.9145894,4.3796616,4.1211286,4.2604403,3.729726,4.867171,5.0574,4.6615458,6.5402794,6.5979614,8.813047,8.363118,10.532754,7.5159364,12.957647,6.6783004,5.244078,3.8013217,4.3899713,2.252328,1.842586,1.7403291,1.4906837,1.7754734,2.8706927,1.8337413,0.8609246,0.7280271,1.2233808,0.6280293,1.3083501,0.5406022,0.31558543,0.6433831,0.954153,0.8745595,0.7153226,0.6582159,1.0269897,0.72145015,0.87392807,0.6927874,0.4416623,0.5143289,0.4408076,0.9347826,0.64720535,0.7196414,1.1512222,1.4866606,1.7987732,1.7621579,2.0737443,0.88225734,2.1531045,8.091744,2.4862618,3.756642,2.317343,1.8165896,1.2113554,1.567795,1.5257845,1.3996336,2.3081956,1.3237723,0.6271645,0.5728866,0.9461013,0.5716038,0.5846856,0.7092172,0.7203203,0.53027934,0.84127706,0.6034989,0.6866531,0.73582405,0.60856205,0.46205822,0.65760094,0.5780141,0.51912975,0.36041388,0.5498698,0.73161304,0.52033305,0.6555595,0.60822386,0.58285666,0.93464476,0.9207151,1.0096228,0.97054833,1.8973881,Nguyen_Hoang_Cuong
-316.06686,85.037575,32.669205,58.1007,16.558725,0.4698949,-3.1110911,8.164719,-4.547414,-5.649363,-5.2817025,-4.7290993,-1.7021888,7.5224323,-13.980194,9.00318,-8.407614,5.7875447,-7.581352,-0.77693486,-6.363945,-0.4290407,-3.7372198,-5.7480655,-3.5445278,-2.0022185,-9.5885315,-2.7072597,-9.307375,-1.2918001,-10.110195,-2.7341948,-4.266911,-3.974002,-3.9277515,-7.3419085,-5.8301682,2.0031266,3.8707876,12.62288,8.257795,-1.1034952,-1.3129694,1.0871309,-0.5353307,-1.9411936,-1.0569625,0.7092171,0.32454735,0.2844898,0.83943903,-0.015568882,0.21177965,0.10635127,-0.46001798,0.24415874,-0.69157183,-0.0038072467,-0.58289325,0.14752325,-0.2391871,0.06253523,0.52534246,-0.31126365,0.4164068,0.107573815,0.5103781,0.0339655,-0.25663972,0.4022169,-0.64134896,-0.53422785,-0.70104074,-0.7817723,-0.13025776,-0.35934776,-0.099848785,-0.45696557,-0.43768963,-0.42123234,1.419237,0.9850742,0.3397022,0.6041429,-0.26665306,-0.5290288,0.098106354,-0.4384458,-0.5755986,-0.48436373,0.053847667,-0.36994857,-0.18491063,-0.2193949,-0.1726981,0.076088294,-0.22903177,-0.10501446,-0.058768317,-0.16467854,-0.048675284,-0.1512955,-0.09287892,-0.18880719,0.24079803,-0.24461335,-0.23809263,0.01801946,-0.19232172,0.0064819986,0.14593893,0.17304482,0.013636164,0.11058119,-0.030636929,0.016414266,-0.07960166,0.12607846,0.10250153,-0.048391283,66.70877,18.711771,20.424534,20.956696,10.230556,17.957794,15.139035,11.056903,14.224883,8.467652,7.337366,8.20576,4.7638345,4.848296,8.048339,4.1818304,6.5561657,5.3513393,6.1683607,4.0463862,3.9798827,5.6269717,7.2653203,5.0190525,5.0251064,4.280285,4.236868,3.7409422,5.3471737,4.3191214,5.9122543,7.030992,8.112964,9.041225,7.042326,8.820388,5.9200068,8.627479,11.517952,14.622185,9.987454,2.0743916,4.6500263,4.195291,2.2892773,3.7765758,2.7763193,2.800057,3.014101,1.5475718,1.749181,1.4192265,0.93021774,0.8058408,1.6075656,0.7468818,1.2171926,0.90132797,1.2528752,0.64013475,0.54531294,1.331529,1.4687346,1.0899727,0.49678165,0.6626626,0.5054709,0.8168669,0.90219074,0.8787452,1.0807806,1.3387303,1.8617816,1.5097437,1.8800324,1.7451555,1.238955,1.9614481,2.4916732,3.1074483,8.748721,2.2581794,3.564554,2.2758117,1.2801526,2.705835,1.8844788,1.8781652,2.216266,1.5907143,0.8785441,1.4053295,0.7118824,0.7685561,0.9919059,0.47635752,0.8227858,0.73328716,0.7570399,0.8547323,0.47576785,0.7711721,0.6512612,0.74479616,0.61798173,0.7350458,0.4882218,0.584519,0.60198766,0.42934144,0.49724886,0.30859557,0.738327,0.7961538,0.8287361,0.8707106,0.9389778,1.2925104,1.733802,1.6462196,Nguyen_Hoang_Cuong
-313.76807,106.03972,28.205778,46.467575,8.863235,7.4688435,-5.2200117,7.60592,-6.9086437,-2.9053662,-1.2543525,-6.1003704,-6.1581545,10.862906,-12.333178,6.278572,-7.7904587,2.660953,-8.869576,0.2832101,-4.783083,-0.13821062,-3.9362755,0.28340513,-3.9169004,0.7700849,-6.245896,-1.6126323,-6.711339,-1.3918843,-8.159624,-3.872296,-2.449732,-1.6653974,-2.369395,-4.5546484,-5.81203,-2.8641856,-3.228111,0.7088716,-1.5107019,0.8097374,0.5247679,-0.30156583,0.61261415,-0.48835036,-0.3186886,-0.66572297,-0.50355804,-0.65152997,-0.3014754,0.490596,-0.6907722,0.06469877,0.20504281,0.17474501,-0.11256202,0.07684642,0.38294786,0.2594326,0.20554747,-0.321162,-0.16959755,0.32372537,-0.290185,0.02171567,-0.0016053952,-0.15307292,0.15397099,-0.19956627,0.2049981,-0.44839606,0.013811067,0.07986121,0.20676903,0.04820327,-0.3158681,-0.15852867,0.014978431,0.80958724,0.3932228,-0.08620462,0.421392,0.064132065,-0.03850083,-0.08588669,0.31843308,0.037280083,-0.04507684,-0.25197756,0.050340846,0.021977752,-0.041806042,-0.25095427,0.25179398,-0.049033664,0.14525685,0.021600679,-0.032992646,-0.15889783,0.037219793,-0.033982985,-0.018495828,0.052961793,0.11329438,-0.12526618,-0.12961096,-0.08441526,-0.006582707,0.10798285,0.22976315,0.21613282,0.046800226,-0.23645222,-0.11752245,-0.021061696,0.1680254,0.051389426,-0.040158372,-0.36026785,65.24173,24.050835,18.426851,16.901783,12.976678,13.4195795,10.838673,10.14593,9.574151,6.736528,6.858801,6.6485157,9.187866,7.821995,5.963897,7.1412363,3.6494842,4.574567,6.346181,4.21168,3.8314319,4.6861935,4.702054,5.456501,3.831262,3.269615,2.755239,3.2122765,4.156726,4.2100058,4.296222,4.6803303,3.4912214,4.571301,4.3837214,5.054345,4.923356,4.0557036,4.4154654,8.531986,14.971384,4.5264015,4.078081,4.0111737,3.3739052,2.3797026,1.7215935,2.284315,1.7225659,1.5819026,1.5188683,1.3191184,1.4515051,1.5351062,1.0805255,1.5677854,0.4293562,1.0775931,1.5413182,0.8371325,0.9297425,0.610847,0.8209313,1.4167535,0.6519719,0.59530884,0.45879677,0.68855715,0.9230806,0.6628252,0.9409058,0.3585466,0.43388763,1.0554901,0.9428895,1.1571493,0.6040854,0.84375316,0.85865813,1.7900048,13.29414,3.2150917,3.385845,2.4138162,1.9949139,1.820153,1.9514756,1.2388465,0.68880755,1.0574609,1.1949838,1.0588969,1.0954336,1.0666847,1.1402255,1.1948915,0.54258853,0.65518564,0.91893,0.6890608,0.67488426,0.37317318,0.6533952,0.59591305,0.49012333,0.4164293,0.4561403,0.4786889,0.53325385,0.5197807,0.7052357,0.558155,0.5830233,0.57450235,0.54104894,0.7223394,0.68920636,0.68630165,0.47094253,1.2810417,Nguyen_Hoang_Cuong
-328.19766,70.76674,24.430445,38.785896,5.980644,17.16138,1.5772066,13.287119,1.5095719,2.0621605,-3.0686936,3.2983143,-0.78024495,5.8086567,-5.4016085,6.741127,-9.835037,1.704843,-4.0984144,2.1281013,-5.9637938,0.42531538,-2.1927543,-1.1304976,-4.5197506,1.5240557,-5.0502405,-0.15499991,-7.525844,0.3425018,-5.9190793,-2.7435188,-3.6986847,-0.4565307,1.1709366,3.607113,2.3429627,6.069702,4.5375857,8.127756,2.1027741,0.8691295,-0.16049518,-0.96999544,-0.53671694,-0.84976625,0.105440505,0.45054877,0.016682252,-0.16527131,-0.108938664,0.26530004,-0.11971505,-0.09025281,-0.012522012,-0.28316462,0.3086415,-0.19220331,-0.16156304,0.09604207,-0.28599578,0.1737721,-0.05792342,-0.1275953,-0.38887846,-0.1529819,0.00860846,-0.12739174,-0.14977959,0.12293701,-0.1071336,0.3128599,0.023572493,0.10298605,0.010147192,0.23921151,1.071564,1.15767,1.2717619,0.30529544,-0.7952157,1.3587581,-0.13848495,-0.885199,-0.05687379,0.04520365,0.1898388,0.11291053,0.19709897,-0.14873207,0.16409081,0.0495561,0.119461335,0.09910701,0.24758239,-0.26189858,-0.020921081,0.098389246,-0.057602294,-0.1502003,0.33540544,0.035255194,-0.05172146,0.14722101,0.2545805,-0.13039008,0.124203995,0.007861719,0.010159507,-0.20677319,-0.01818718,0.06559402,0.040474586,-0.38629806,-0.19419958,-0.43024033,-0.472006,-0.36575124,-0.08609094,-0.046804048,57.45354,42.36944,13.752207,13.3637295,10.435031,12.772942,10.189299,10.73558,7.432213,4.047771,5.19554,7.6010585,6.0984097,3.953516,4.5706253,5.753135,5.8947434,4.150627,4.5568686,3.3086605,6.096385,3.1620371,6.0419574,4.7103214,4.495638,6.537618,5.788905,3.7988725,3.3288739,5.7027845,4.566807,5.612857,4.118831,5.9573073,6.213441,7.4450336,9.176604,10.457065,13.829688,11.6397915,12.748243,10.205315,3.428547,2.6391044,2.0719373,3.4229555,2.6629035,2.072427,1.3604945,0.71228004,1.2449474,1.6244665,1.1985761,0.9295911,0.73538464,1.3126428,1.1320981,0.67709047,0.9207245,0.81308365,0.82790583,0.6767865,1.1739335,0.7489893,0.7863372,1.3488796,1.2006489,0.7491908,0.8078773,1.2179631,0.8088312,1.0869681,0.5924697,1.4144232,1.1438773,1.8081565,1.9585241,2.1629303,3.0044677,2.3570888,6.8785467,4.645844,1.450949,1.7490824,1.2662295,1.4233409,1.6428361,0.74699354,0.94356626,0.57360923,0.8079212,0.7276882,0.7249926,0.61847925,0.8041805,0.8667597,0.7244827,0.48603156,0.6591457,0.42931336,0.9611414,0.4028771,0.88811046,0.7746183,0.86983466,0.7620111,0.6155328,0.5731944,0.4196891,0.39400217,0.5875346,0.9996928,0.7375448,0.9677707,0.7136262,0.81217724,1.2737406,1.2319561,1.2979728,0.83636606,Nguyen_Hoang_Cuong
-296.63684,101.670105,40.032234,31.630909,-2.3303223,15.737756,-5.372197,1.553988,-8.046545,4.0895767,-1.836194,-3.8388124,-4.8899655,8.033514,-10.812458,8.551392,-9.094219,0.82176876,-3.616605,-1.3160113,-4.720192,3.0994158,-6.736721,1.1253814,-4.205145,-0.5834233,-7.212325,-0.21573639,-6.495455,1.4041717,-4.6121483,-0.08948696,-3.4736824,-0.4665563,-1.3682384,2.1299026,0.46667117,3.491893,2.3976924,7.2413054,4.352964,-0.861768,-0.3471864,-0.42845488,-0.7757598,0.56631655,-1.0299205,-0.14462695,-0.30350748,0.5513993,0.4009195,-0.9259168,-0.57289505,0.39266503,-0.87434316,0.4633865,-0.7558483,-0.1587128,-0.03547179,0.23740071,-0.068176076,-0.28157133,0.12713772,-0.09121106,0.009873964,-0.034690086,-0.4510742,0.29834467,-0.09018464,0.19728427,-0.12722068,0.4389053,0.113580465,0.22964448,0.36266106,-0.020379994,-0.41611832,-0.4610424,-0.6076361,-0.6147416,2.7911649,0.8553716,-0.075057566,-0.5906657,0.079829395,-0.19851217,-0.0051823407,-0.14665247,-0.026093006,-0.2163375,-0.018147588,-0.2995304,-0.21722603,-0.46461415,0.056664392,-9.931624e-06,-0.021498762,-0.13304536,-0.38322195,0.07051876,-0.15093663,-0.2609115,-0.20561488,-0.3277021,0.09640216,-0.20810576,-0.015108764,-0.13439742,-0.18921936,-0.19143,-0.1553859,-0.23759553,-0.20516962,-0.16549781,0.034939438,-0.28477138,0.09139556,0.14802036,0.09344988,0.021192633,63.191414,45.384396,11.72528,9.687999,12.23353,14.484209,13.917891,6.8288636,7.405245,9.535303,8.389155,8.459948,6.869579,6.807479,7.120442,5.4197636,6.092829,3.8046913,5.0654964,4.2727585,3.2089858,4.397991,4.366891,4.7165837,2.9008417,3.983022,4.0049424,3.1355238,4.2196465,4.4572496,5.2455907,6.816048,8.200619,8.932798,7.440483,7.059554,6.589605,6.3923464,8.638539,8.26454,12.50633,9.999119,1.964675,1.1406344,2.0383074,3.6662297,3.170378,1.4451582,0.9390151,1.3614533,1.6756707,1.187075,1.4899595,1.1929038,0.89763445,1.1288383,0.9824871,0.7963793,0.9065071,0.76679695,0.42556852,0.8151734,0.6244978,0.9021534,0.422331,0.7132228,0.7822472,0.5332483,0.77156836,0.7954058,1.0328014,1.156169,1.5892302,1.8003869,1.3143833,1.3344046,1.2610655,0.7965044,1.8393761,1.6677237,9.446261,7.714565,1.2365505,1.4476547,1.8182431,2.04379,1.8674452,0.7382136,0.75097984,0.9780259,0.9968326,1.0227752,0.8514498,1.0917312,0.61936754,0.6334149,0.6676032,0.55559784,1.1145884,0.5572401,0.37292284,0.6178551,0.70840085,0.78596723,0.3944951,0.5066565,0.5239203,0.38017857,0.5135816,0.75045156,0.80170876,1.2299027,1.2789692,1.1742264,0.9182994,1.1072876,0.83188957,0.7517502,0.88048434,1.0106808,Nguyen_Hoang_Cuong
-438.1132,59.28179,31.116436,43.203537,15.394819,25.854027,15.586935,20.204723,1.5251678,7.9939604,-3.2278488,9.584782,-1.8910717,10.780817,-2.6248593,3.9696264,-4.173991,4.2787848,-2.6842844,2.6682825,-3.0761964,3.0287783,-3.7484665,3.6912208,-3.0667934,3.193799,-4.754719,0.3625335,-3.3540118,-0.55140686,-3.7935774,0.43527368,-2.623014,-0.4103045,-4.153828,1.0523285,-1.3007698,1.0928578,-5.0624094,-0.25580123,-0.24894875,0.28826308,-0.2176297,-0.06718978,-0.0848043,-0.45774245,-0.35197937,-0.36094052,0.26363447,0.44822025,-0.0459441,0.26649475,0.41076738,0.4564609,0.1661359,0.09533502,0.055339277,0.2662126,-0.043030236,-0.16630429,-0.1837141,-0.12682231,0.049365584,-0.08835757,0.03130225,-0.16872476,0.015217567,-0.10546367,-0.060684502,-0.07194497,0.17276065,-0.029924925,-0.045383967,-0.04537206,0.0275836,0.14423947,-0.13092154,0.037937142,-0.0008188933,0.24919894,0.2742508,0.4826798,0.011290379,0.23257987,0.047921956,-0.32796466,-0.03938606,-0.004692182,-0.060202926,0.12230289,0.08592734,-0.04030304,-0.14033061,-0.2538553,-0.053434804,-0.053090222,0.04780459,-0.0757681,-0.021342054,0.05725504,0.19588408,0.0022635907,0.024036922,0.067900166,0.034515865,0.018294409,0.18718146,0.070185095,-0.06542365,0.02434288,0.24239428,0.108451724,0.14134872,-0.06223274,0.16218346,-0.23809291,-0.2018442,-0.17673895,-0.0074768774,-0.09012091,26.950861,9.20763,10.277853,9.043423,5.667773,7.027324,5.1784487,6.034236,4.33878,4.916352,3.1104014,4.2285547,4.749663,5.192268,2.8257055,2.969516,3.357826,4.161478,4.5186934,3.2499502,4.507486,2.811753,3.628698,2.5184927,2.5390475,4.2251105,2.918748,3.7193894,3.1023674,3.3753057,3.379023,2.6012056,3.0172644,3.3485327,3.542081,3.520073,2.9015958,2.5396767,3.1046298,3.2271771,4.8864174,1.3815383,2.150132,1.9559855,1.0509484,1.4890488,1.2109421,1.3164337,0.9795809,0.90180975,0.5932388,0.7743123,0.7612118,0.6512196,0.57009363,0.49706724,0.62609136,0.73277956,0.81660193,0.7468312,0.9666509,0.3648059,0.54978657,0.43337575,0.48829743,0.55863804,0.44044703,0.6189942,0.60103196,0.6313486,0.58428776,0.4793813,0.42465708,0.5854008,0.7448659,0.3848856,0.39244244,0.21018906,0.5663618,0.608426,2.6826265,1.5015185,1.4296299,1.3956494,0.89639866,1.1023815,0.81333065,0.8701439,0.6050879,0.6124273,0.48201478,0.4268596,0.5713122,0.48416147,0.34741265,0.3147805,0.5075967,0.30774263,0.58615685,0.5014683,0.7801746,0.35626355,0.42775673,0.3793334,0.3957884,0.50862694,0.43265805,0.38969728,0.39755642,0.60534304,0.46610415,0.4328409,0.53034276,0.56000787,0.59192145,0.5233343,0.5072115,0.42765346,0.39359555,0.35993573,Nguyen_Hoang_Cuong
-417.53864,57.23645,24.196247,32.712315,8.62661,26.415,10.913448,18.222527,2.3765228,9.880106,-4.4733734,8.756514,-0.6208463,13.036724,1.280256,8.336903,-3.7585287,5.228169,-2.6153097,0.726964,-2.9929242,1.0019274,-4.7565336,1.0899478,-2.3634021,4.2790737,-2.945661,-1.2844405,-2.4595547,2.0652137,-1.8589036,1.6732731,-5.2512956,-4.63137,-3.9627104,4.1539087,-2.6628532,-0.34937137,-3.2639432,1.2463367,-2.1011245,-1.745217,0.55583537,0.57374537,-0.010157101,0.32092893,0.24475548,0.1286045,-0.27127284,0.23738527,0.026468892,0.16543552,-0.0874502,-0.1057318,0.32361794,-0.0919197,-0.19392845,0.17004189,-0.14606898,-0.24763116,-0.15244412,-0.22799514,-0.3356204,0.21150078,0.1089084,0.00011701137,-0.25266564,0.18269765,0.27070257,0.16771922,-0.10133281,-0.02504573,-0.103290625,-0.18972623,-0.17574473,0.015072901,0.063482106,0.25514466,0.041832417,-0.21724464,1.3600676,0.7637625,0.08124014,-0.32048547,0.31448746,-0.6716308,-0.17744854,-0.42467454,0.2520259,-0.08211324,0.00968172,0.122451246,-0.29451555,-0.020295378,-0.08298961,-0.18963242,0.14477879,-0.0057080425,-0.06446292,-0.17270547,-0.17663467,0.07469973,-0.035876654,-0.030573364,-0.12761098,-0.08179765,-0.06251772,0.029687062,-0.021688394,-0.03164247,0.016336195,0.09804555,0.049175307,0.11658388,-0.036279276,-0.08606742,0.022432528,0.101504534,0.08894749,0.07290709,74.65024,20.978006,8.332225,10.802956,11.631564,9.447219,8.9737625,6.4825616,6.6751337,4.149548,3.654095,5.195332,4.5542974,6.2120943,4.4466763,2.965516,3.7823017,4.209731,3.3503604,2.787227,2.9857697,2.8695383,4.084394,2.6654058,2.7858052,3.3894415,3.044947,4.2247896,2.3239095,2.76005,2.853622,3.1716042,2.964774,3.7859697,2.302234,3.215868,2.6473722,3.3308325,2.1481705,2.9627235,17.898771,2.4375105,1.523208,2.1974876,2.1601508,1.8505,2.3603044,1.1595436,1.0788941,0.83259326,0.6546815,1.1493553,0.93628097,0.9588045,1.0814713,0.44291463,0.7166157,0.7086217,0.49922943,0.47375944,0.44201237,0.407994,0.6954227,0.5545571,0.42021638,0.69929916,0.62669533,0.49780196,0.4741755,0.45929757,0.4303963,0.38822055,0.5265189,0.71027803,0.45503324,0.39295608,0.40112597,0.6521656,0.37665603,0.27762285,10.332543,2.5087523,0.8442629,1.7214451,1.4907888,1.6610624,1.5524433,1.4011062,0.68949693,0.75559145,0.59953177,0.62835413,0.8635213,0.43598965,0.6883428,0.45746633,0.43941215,0.46112716,0.27041975,0.29209632,0.40917957,0.43554854,0.40288913,0.46088406,0.46487117,0.5098653,0.2616849,0.37955758,0.2921133,0.27108234,0.20655632,0.4736749,0.46365628,0.63936967,0.28612489,0.40904063,0.2808845,0.43045443,0.31027782,0.5522098,Nguyen_Hoang_Cuong
-430.63818,96.34564,37.031624,38.060936,12.103113,16.55037,10.847722,6.2583237,-3.3907146,5.2360716,-12.589948,2.8947725,-2.0963132,5.5315084,-1.7187781,9.894223,-1.539878,6.3004932,-2.1903186,5.5126543,-3.1729367,3.242318,-4.6696105,2.2284968,-2.1898909,0.078862816,-2.0823486,0.118600875,-3.4461884,0.15564284,-1.333179,-1.4384929,-2.5779295,-0.9127843,-1.5230353,0.36642072,-0.29414245,-1.5246929,0.6276336,-0.9203716,-2.7106957,0.08591692,0.23688091,-0.78863436,-0.03297198,0.53116494,-0.64546883,0.47155207,0.29833746,-0.43032062,0.6583136,0.85114276,0.5754936,0.36066252,0.353331,-0.1196069,0.19723217,-0.17117974,0.2638793,-0.18621597,-0.17369574,-0.09229901,0.39999768,-0.12896004,0.19271821,0.16243036,-0.031276852,-0.26834232,-0.06348859,-0.16769233,0.10256465,0.06513807,0.020856429,0.15753,-0.0322445,-0.0802662,-0.3074978,-0.15889305,-0.32924148,-0.2786595,-2.707428,-1.1987841,-0.23562966,0.17236635,0.19710468,0.83039117,0.12572758,-0.059741154,0.25412145,-0.068090335,0.32484433,0.24598902,0.29387322,0.14197214,0.0014290363,-0.07145977,0.0540242,-0.06192537,0.07404904,0.20746407,0.2601966,0.049794123,0.2007882,-0.05899084,0.13917072,0.065529086,0.05410193,-0.03947907,-0.08319272,-0.15416637,-0.07415051,0.27346885,0.1530103,0.17685859,0.17552285,-0.026728503,0.07961835,0.18706466,0.04545078,-0.043981157,74.878204,33.700523,12.03745,13.881257,16.772095,17.92636,8.052725,9.266704,9.394559,5.401937,9.1218,7.480745,8.556671,4.990821,7.949408,4.1915417,4.4586043,3.3184323,8.438223,3.7850144,7.1325755,3.2339213,4.8420916,2.3700302,3.6100292,3.215816,3.0367901,3.4768717,3.4742246,2.8405201,3.8986003,3.458934,3.5343258,2.6925673,3.311552,3.2481747,3.4004552,3.642716,4.248606,3.1844609,15.420405,6.954543,2.5423167,3.3274918,4.6150045,3.337563,1.5975442,2.0292745,1.4665341,1.2277846,1.2717061,1.1358805,1.211201,0.662822,1.0434438,1.025308,0.6648088,0.56398743,1.5604926,0.85806024,1.8550365,0.44082293,0.6680533,0.19009292,0.5953286,0.58252853,0.5377043,0.75827277,0.5659168,0.60077494,0.7385426,0.6433565,0.6168875,0.41300505,0.7088763,0.600783,0.8072938,0.7722861,0.9302682,0.7221482,8.223313,3.2523046,1.0538942,2.2408726,2.006033,2.1383882,1.0484208,1.1009066,1.1106602,0.893331,0.9001762,1.2005091,1.1523645,0.9938081,0.74977356,0.48026082,0.4905704,0.5015613,0.8368312,0.50409955,0.90039206,0.4295417,0.6705929,0.26135114,0.49238327,0.44002834,0.30564272,0.47507834,0.2998175,0.43758395,0.5840567,0.57599306,0.53145045,0.4346577,0.46878234,0.5743625,0.355998,0.536049,0.6372107,0.45093808,Nguyen_Hoang_Cuong
-401.6895,85.39108,24.066608,44.70362,11.264332,7.0055876,8.338043,11.753657,-0.5410983,6.3710775,-11.0826025,0.11971608,-0.807076,9.803915,-2.8162847,4.2211285,-6.896698,10.538574,-7.604067,5.2837405,-3.651369,4.669736,-4.7989674,-1.4243374,-3.3961706,-3.476387,-6.020479,0.73208106,-5.448843,-1.7971054,-3.0462399,-1.8531454,-4.111849,-0.7207084,-2.4170134,-0.11387676,-0.32586414,-5.3157144,-3.8712943,-0.9635639,0.46003336,-0.1688319,-0.1633535,0.06116706,-0.5813297,-0.18236628,0.25279024,0.21361467,-0.19297114,-0.07474388,-0.19292815,-0.20030887,-0.017190281,0.15532416,-0.1202327,0.20926456,0.07260044,-0.014834352,0.16712059,-0.07615862,0.21324715,0.10252901,0.08759948,-0.32218394,0.036811195,0.028837487,-0.20162836,0.3826654,0.26483423,0.13343656,-0.2411994,-0.30789667,-0.19091651,0.06122704,0.090681046,-0.13970417,-0.26845986,-0.07749058,-0.15995584,-0.32043025,-3.1659508,-0.72444713,0.20581432,0.45869493,0.0843616,0.27420646,0.03893865,0.44753873,0.15423533,-0.04095038,0.13444546,0.04240779,0.2840231,0.06993937,0.08870567,0.3186475,0.24315554,-0.21564439,0.16985163,0.08181876,0.21265079,-0.08750889,0.15088928,0.0018396974,0.08055702,0.033891443,0.02898119,-0.016235262,0.14599994,-0.00042144954,0.031946763,0.21569371,0.08341585,-0.032020207,0.06834521,-0.035648234,0.00096393377,-0.20827386,-0.16881186,-0.23352534,102.17323,19.422115,15.4237585,25.00535,11.367708,21.486864,8.872543,8.012779,8.590947,4.4297442,9.883189,4.891485,6.868834,5.9004865,8.255936,5.728383,10.299513,6.4630356,9.569869,2.2444897,5.9972644,5.3971205,3.7275724,3.5491312,4.0886655,2.8962886,4.9552298,3.3692725,5.0703115,3.322589,4.1822042,4.3036466,5.0361414,3.0215428,3.7883449,5.5829353,3.5563164,6.6188087,5.2797775,5.4379807,22.11202,3.8278143,3.6724875,5.601933,2.476053,4.3407307,2.0023043,1.2378566,1.8033955,0.9962696,2.256678,1.051541,1.1587539,1.226607,1.9414982,1.2315748,2.0879724,1.2165937,1.5928965,0.4377131,1.0968571,1.1654284,0.71349275,0.84752655,0.6899066,0.3803119,1.101953,0.6986696,0.86399895,0.5095349,0.8656163,0.88924176,1.1129318,0.5175611,0.53643674,1.0662161,0.71886706,1.5656244,1.1108676,1.035776,6.466904,2.1506948,1.8456383,2.61905,0.93860793,1.2525518,0.9037751,1.0121106,1.011319,0.5465966,1.0514008,0.46453682,0.96844554,0.5766344,0.93693674,0.989901,0.86683476,0.5351196,0.6421466,0.36594233,0.48762077,0.5599615,0.60146624,0.3379487,0.5007033,0.27850473,0.43242207,0.41316372,0.477757,0.39012617,0.6888717,0.6513607,0.5121889,0.36310226,0.34856004,0.8312312,0.46298233,0.9187838,0.67038655,0.94091445,Nguyen_Hoang_Cuong
-410.23178,94.28271,20.24001,29.183725,9.439798,16.077383,8.066042,11.519323,6.4276943,9.966448,-15.729985,-1.1936779,-3.8063033,8.134163,-3.5760036,2.299838,-8.255749,7.667395,-5.657948,5.770133,-5.5435276,5.4499288,-3.3447468,-1.5521002,-3.7272103,-3.115443,-5.3114595,0.34228942,-7.1256437,-0.7939595,-3.9290934,-1.5395569,-2.8820953,1.5640981,-2.859049,0.65903544,-2.7141743,-4.5095315,-0.7267678,2.0311446,-0.038975596,-0.86375296,-0.55720145,-0.10718611,-0.23479936,-0.12775785,-0.07773705,0.25122872,0.64693487,0.07201824,0.099252924,0.39775023,0.06938535,0.16973636,0.08609854,0.14781176,0.21347427,0.40285784,-0.09533277,0.10236993,-0.2531709,-0.07100272,-0.1798139,-0.15766859,0.22511753,0.17368495,0.26672313,0.14178583,0.06291652,-0.16603683,-0.027405143,-0.18601136,-0.13250864,-0.05031961,-0.016262304,-0.3706581,-0.3528458,-0.010307739,0.14788014,0.34400755,-2.9567914,-1.001689,0.108470604,0.086769424,0.17618093,0.33915466,0.13424967,0.3147276,0.19630224,-0.21993972,0.0053473003,0.0763304,0.24966395,0.11994692,0.0912105,0.10318809,0.20234,0.008743547,0.1296461,-0.048406158,0.23022868,0.07682556,0.083425894,0.010105073,0.09941943,0.07013611,-0.15258478,-0.011480957,0.09774432,0.0012605563,0.26866165,0.24171436,0.23754609,0.008639246,-0.05987359,-0.20749374,-0.031193305,-0.015762445,0.117486954,0.16555473,100.335205,17.367336,19.436285,8.456572,10.314378,14.142071,6.667639,10.323336,9.476865,6.752882,8.856783,5.048174,10.027319,4.967861,7.2527275,3.821365,7.4985895,6.6876235,7.284851,3.5583348,6.158826,6.961074,3.425819,4.4883313,3.4506016,5.279713,5.7390265,3.7078757,6.5911627,3.1794448,5.628867,4.3378487,5.4367414,2.687161,4.791706,5.106105,5.4791217,5.403601,3.9447665,5.912529,20.650043,1.9778688,4.330208,1.8778921,2.066632,2.7316139,1.2308544,1.5254198,1.7422282,1.2948644,1.6018927,0.32201797,2.153901,1.0578622,1.1880912,0.834494,1.0703048,1.7266456,1.4716306,0.70535725,1.3196846,1.3337142,0.6746064,0.9461208,0.7095929,1.098871,1.1495254,0.57252705,1.2077072,0.7059747,1.0953499,0.97130156,1.0772313,0.36623797,0.8741451,1.0427634,1.5737906,1.199027,0.46794352,1.4264469,5.555996,2.6913528,1.6271694,1.3353876,0.7694234,0.8309991,0.8253431,1.1828382,1.2369651,0.6026607,0.6239536,0.28400537,1.030683,0.88618594,0.4240427,0.62572235,0.6658053,0.787913,0.47119552,0.33617285,0.83796126,0.4786545,0.4519881,0.4738885,0.5279278,0.6313706,0.9341199,0.5830903,0.4742221,0.46282098,0.6263104,0.50591546,0.5981883,0.43713263,0.5058048,0.5514286,0.75020826,0.5040806,0.3600892,1.0046206,Nguyen_Hoang_Cuong
-467.47137,102.95001,47.126316,41.501587,12.741478,19.021442,6.587859,11.676239,0.22429037,1.1952298,-11.224236,3.0938518,-5.3455963,3.9409776,-1.5390122,5.854664,-1.1324369,3.6768813,-3.2563312,-0.38711378,-4.216538,-2.1902456,-4.74357,-0.5318402,-3.3040462,-2.780212,-2.4047441,-2.3735847,-4.0992546,-1.5870697,-3.290299,-1.2768747,-1.2667159,-1.2414447,-0.52593666,1.4551009,-1.5739224,1.9057074,-1.7012085,1.3425658,-0.882723,-0.8371861,-0.3630264,-0.025846273,0.3069783,0.5044388,0.4052174,0.31287605,0.044268087,-0.04155826,0.17507295,0.49836972,0.43415248,0.15579638,0.10881716,-0.029556438,0.07084857,0.13018337,0.15814552,0.08151188,0.24590732,0.039422356,0.060923886,0.007914204,-0.1554179,-0.1082559,-0.075016275,0.06308333,0.119066745,0.13679071,-0.10849076,0.047218464,-0.18163554,0.01994244,-0.1295338,-0.042915344,-0.051783398,-0.021189004,0.11874042,0.025463037,-1.7780322,-1.0990787,-0.7887186,0.04530242,0.35840598,0.6302284,0.30407712,0.21607547,-0.16947845,0.19933641,0.22773299,0.27217257,0.21999598,-0.103174716,0.22836134,-0.11820264,0.10897246,0.12047194,0.04160517,0.06790532,0.23637673,-0.0053446162,0.023475906,0.1149487,-0.02218496,0.1602303,-0.05217517,-0.014260631,-0.008205315,0.028721541,-0.113634914,-0.022982337,-0.09843014,-0.06872763,0.14486146,0.016594961,0.12553526,-0.25351638,-0.0009685457,0.050603434,48.443962,33.02459,20.00222,8.572597,14.203015,13.300701,6.292698,10.313697,8.055151,7.146692,8.425827,6.1919775,8.47605,4.725865,6.083511,4.4645715,3.3836253,3.1860368,3.0358753,4.102991,3.4412394,3.187014,3.9653113,3.5191898,3.5309932,6.5223703,3.2476637,2.8429005,3.4926584,4.1282887,3.9455016,3.4312038,5.099413,4.7179317,5.699896,5.2027326,5.700723,5.793036,5.6056437,5.4186463,9.767823,5.850815,3.7646594,1.7090663,2.874005,2.3710015,0.9478653,1.9531435,1.7705553,1.5283654,1.4186993,0.6179807,1.1256111,0.73916,1.0569682,0.8261776,0.5606926,0.60790944,0.420136,0.7784298,0.6230376,0.6421571,0.69455487,0.54652274,0.7342824,1.5307664,0.83853346,0.42486563,0.6673028,0.60028607,0.80297136,0.69780356,1.2095714,1.0117794,1.3450601,1.1305132,1.3121176,0.89912343,1.0096848,1.054014,4.337256,2.8240263,1.889973,1.2831506,1.5059533,1.6998144,0.9531199,0.9226534,1.1006123,0.52416146,0.45541233,0.8845223,1.0419581,0.6509837,0.6935004,0.64063984,0.45258254,0.28932947,0.32727426,0.43870702,0.39628187,0.4378755,0.31273973,0.5999557,0.47997993,0.5565248,0.45549673,0.3106025,0.38484126,0.62065244,0.7748715,0.5309467,0.86353225,0.76568675,0.94379133,0.746416,0.9207531,0.97424674,0.95147866,0.84178406,Nguyen_Hoang_Cuong
-469.05643,92.11821,36.000546,37.862507,19.414215,23.694813,9.760844,9.472379,-0.39229006,6.732974,-10.897373,4.0444093,-3.466905,8.036102,-1.2936516,4.4341645,-3.9869595,5.4723625,-4.8883214,5.6887846,-2.9376032,1.7906163,-2.1458511,-0.87926435,-5.0692406,-1.2372541,-3.6701643,0.47290376,-5.017065,-2.6847954,-4.090509,-2.2735372,-3.66524,-1.7183424,-2.4123707,-1.040857,-1.9674177,-1.257949,1.5772653,4.900775,-2.7214844,-0.2063938,0.6761824,0.4817578,0.41744536,0.7865365,0.10958776,0.40289754,-0.3925286,-0.6084426,0.3139364,0.24736279,-0.13890925,-0.06858583,-0.16199696,0.07306807,0.17548218,0.0079468265,0.3045819,0.122209005,0.08941935,-0.19880329,0.07256688,0.028856661,-0.028484467,-0.06180033,0.11803387,-0.11377088,0.19826148,-0.38063252,-0.24908948,-0.2044656,-0.3088658,-0.2904577,-0.033346962,-0.3376914,-0.10766009,-0.3251577,-0.43593433,-0.11819954,-2.9988372,-1.1313624,0.4384225,0.56149197,0.30161643,0.7639575,-0.18893373,0.073165245,-0.067362666,-0.07183083,0.12254596,0.118422255,0.15220696,-0.003102894,-0.022664621,0.19179949,0.12621,-0.102467984,0.19503288,-0.1288859,0.08685635,-0.033759616,0.090754956,-0.059613347,0.12799418,0.106825665,0.23237932,0.06494118,0.18306923,-0.11454268,0.077282354,-0.044887997,-0.02895904,0.0094582215,0.20538794,0.08906391,0.16016072,-0.30702865,-0.4994536,-0.38190228,64.011665,18.07187,8.114958,11.408547,9.090176,13.092879,5.470927,9.400207,9.965098,6.6111727,6.8211327,5.3604126,9.040304,4.133444,5.742236,3.2391748,5.480994,2.9789267,5.6352687,3.695127,4.832248,3.742008,4.1697645,2.2589226,3.780333,2.8628838,5.7891307,3.831693,5.298253,4.4862537,3.4345243,4.0522447,5.788721,4.292685,5.7957754,7.0396,4.862227,5.5767365,9.184979,8.626494,10.513748,3.6182175,1.5863873,2.4263778,1.931127,2.1780345,1.0926194,1.6952842,2.5321524,1.3120091,0.9614522,0.57129455,2.1362894,0.7151359,1.1427833,0.4795258,0.91032094,0.50863093,0.7263612,0.90817815,0.7361855,0.841592,0.71108276,0.38107717,0.6984839,0.5307448,0.9918304,0.7204454,0.6480889,1.0253681,0.7264195,0.6695311,1.4586985,1.1594439,1.189196,1.9457169,0.9537925,0.89994943,1.5629429,1.6284271,8.467462,2.201335,1.3244301,1.9164487,1.5028547,2.0403621,0.7096232,1.1113552,1.1773952,1.1126829,0.66540873,0.79216886,0.6897459,0.43870166,0.4450142,0.6196696,1.0107151,0.47936657,0.7396099,0.50485194,0.7997475,0.40853477,0.8567752,0.34372386,0.432701,0.43714842,0.53748405,0.3894765,0.54533815,0.9550951,0.3592908,0.58385,0.71159106,0.5072636,0.60854936,0.86106807,0.78735346,1.1304207,1.5682787,1.3448786,Nguyen_Hoang_Cuong
-449.83997,90.30042,49.26729,30.6828,6.636463,23.343122,8.138325,14.654247,1.3948345,5.9567547,-7.5268927,3.2690022,-3.608041,6.3849487,-4.183463,5.3801823,-6.614112,3.7672534,-3.9918218,6.156879,-5.6820097,3.0888581,-3.7938063,-0.7347331,-2.3728466,-2.872521,-3.0556626,-2.8345494,-5.5018992,-1.8468306,-4.547272,0.29732385,-3.947418,-0.022118092,-0.35395956,1.1116309,-1.1106999,0.075630575,-1.8077202,2.2925603,-4.0840664,5.5392723,-1.713228,0.6134269,0.13502446,-0.89265716,0.794307,-0.2285422,0.03585262,-0.3733784,-0.1868394,0.27586675,-0.3029883,-0.15023842,0.07447976,-0.27368954,0.3285529,-0.14607823,0.22796658,0.3142985,0.33957887,-0.056349613,0.010134898,-0.13832013,0.07749823,0.00710994,0.1173725,-0.12969851,-0.11888724,-0.111853495,0.003679864,-0.23911765,0.2089481,-0.20164901,0.20805697,0.01079502,-0.022767864,-0.10737668,-0.33983195,-0.0687211,-2.1476007,-0.58956206,0.42472607,0.18344145,0.24458477,0.051436037,-0.03848958,0.13027844,0.06824502,-0.23895471,0.11400482,0.29027215,0.22976662,-0.013758991,-0.112820566,-0.033815827,0.17168853,0.1862557,0.005960379,0.04987883,-0.12694812,-0.018823516,0.018274138,-0.086840406,-0.070477486,0.14275378,0.030938944,-0.13371888,0.11529513,0.036785163,0.0878932,0.022901237,-0.006446123,-0.072392404,-0.058394298,-0.05281225,-0.054426663,0.0125982985,-0.118774414,0.040280312,71.330185,53.806465,19.28335,12.814104,17.224833,15.081441,10.232423,6.622595,5.7318964,4.85347,5.4152455,4.691774,6.1850863,3.3813326,7.6391034,3.2299771,6.298738,4.866953,5.721626,4.099868,7.4927115,4.092635,4.0463386,3.4128246,3.6682153,5.5549498,3.1799269,3.7823403,3.4403393,2.6575527,5.611224,3.498437,5.784616,4.643566,5.8043528,5.3464727,5.381364,5.5301275,5.2020535,5.127738,9.69318,13.298121,3.6568704,2.2457101,3.652494,4.0074434,2.3926997,1.3498979,1.2741643,0.8192024,1.1406882,0.67312086,1.5383117,0.27036452,1.3275757,0.6020019,0.81047577,0.727993,0.7141256,1.0229834,1.3977545,0.6836589,0.7661669,0.80961955,0.55735254,1.0336437,0.4820983,0.7109463,0.6113252,0.47075036,1.300543,0.6339454,1.2148365,0.90169466,1.1810597,0.98660684,1.1009942,1.2481499,1.0727191,1.0081359,4.6904163,4.0402184,2.1867692,1.1316364,1.178695,1.3444033,1.7553875,0.8425674,0.6390401,0.6872137,0.4043992,0.7643912,0.601349,0.40968344,0.74093086,0.40984327,0.809915,0.7547165,0.27981058,0.6126777,0.70781946,0.38820782,0.5102388,0.43882746,0.56287134,0.6117077,0.48254064,0.7195138,0.63797146,0.43034396,0.79079187,0.43936664,0.739722,0.82476145,0.8759222,0.8362432,0.82662445,0.86788124,0.9190181,0.8094443,Nguyen_Hoang_Cuong
-456.53918,97.78958,34.204475,52.385254,17.336441,13.484102,9.705849,13.683025,1.7495582,9.385786,-7.1293297,2.9614758,-2.4537659,7.586321,-1.0925841,5.672203,-1.9756545,5.351572,-3.4207177,2.8443577,-4.494956,1.0351658,-3.6815522,-0.9098575,-2.52239,-2.2439952,-3.6617417,-0.93076384,-4.436262,0.24504092,-3.8446121,-1.6409636,-4.109128,-2.7117453,-3.2042425,-2.6897953,-3.5983052,-3.527172,-2.4633727,-1.9896836,3.9603314,0.34976113,-0.45889854,0.0061264634,-0.36591122,-0.47228885,-0.36811265,-0.1981048,0.36408222,0.25781482,-0.23594333,-0.33034453,-0.036299735,0.34552205,-0.35635367,0.06416318,-0.058705226,0.20500891,-0.28579322,-0.06679355,-0.36352143,-0.019724078,0.07396731,-0.073795855,0.12410176,0.036401812,0.29497704,-0.1300395,-0.14229485,-0.099461764,-0.29802692,0.073443204,-0.22339503,0.03702926,-0.06902725,-0.28120044,-0.18821774,-0.14663643,-0.00975311,0.10461593,-0.4668187,-0.4039614,-0.019179516,-0.13966887,-0.040290013,-0.18698458,-0.1733644,0.026067764,0.23195499,0.058661528,-0.03302449,0.025720775,0.11878371,-0.06707877,-0.025529318,-0.04702562,-0.016368475,0.0067660064,0.030659184,0.014008455,0.16127698,0.12261118,-0.11685443,0.056855623,0.10690686,-0.0063180476,-0.024769746,-0.045988902,-0.24130523,0.038247637,0.05832921,0.12322055,0.17620012,0.008764092,-0.09797688,-0.052695002,-0.060712125,-0.07614586,-0.031971686,0.03397383,83.52857,12.163843,9.690064,12.980951,7.198566,14.530634,8.408939,8.848658,9.630566,6.840965,6.3983145,4.516883,5.1649985,3.5626945,7.720123,4.0697393,6.0720644,4.884729,7.510651,3.2239072,4.759295,3.8876998,4.834365,3.4675581,3.2880452,4.4870667,3.7533712,3.229457,5.4652324,3.5292418,5.98222,3.4645984,5.392981,3.0204852,4.1500335,3.9011128,3.2347543,2.7049773,2.1363423,2.2603502,22.632772,3.0540442,2.4866595,3.061279,1.9863601,3.634191,2.1507378,1.9350519,1.1639533,1.5655335,1.5047249,1.0138518,1.2518566,0.8633856,2.0997686,0.7327082,1.2764643,0.68946075,1.9115163,0.5569297,1.0239577,0.56474316,0.89527047,0.6986176,0.5906616,0.86790454,0.6569835,0.5425659,1.1862783,0.7272044,1.5691782,0.6083099,1.221874,0.4382416,0.92005414,0.6451442,0.6475921,0.5048012,0.42465746,0.2961842,8.483999,1.7386659,1.2683886,1.8483807,0.92244685,1.6013083,1.3107357,1.2249854,1.7147778,1.0836426,0.95417124,0.69425297,0.75608057,0.36589548,1.053435,0.49259746,0.6112749,0.4207145,0.8050471,0.42508376,0.56081104,0.7408363,0.5641916,0.5754553,0.4587847,0.42172205,0.4557699,0.5486762,0.7730473,0.4870978,0.7520698,0.6068266,0.531121,0.272022,0.49470097,0.4415013,0.4415866,0.40114766,0.3127654,0.20247057,Nguyen_Hoang_Cuong
-431.31247,101.625305,31.87918,42.527916,17.599445,16.817709,9.371298,15.828103,1.4994754,7.8102055,-10.352802,0.27133188,-4.164433,8.364132,-3.8920918,6.132324,-1.0445535,9.213999,-5.210232,3.957911,-5.522592,2.629984,-4.5050116,-0.07057047,-6.18299,-1.4579593,-2.680686,-1.5651627,-4.3896613,-1.0239058,-4.315034,-1.0661432,-2.1330774,-1.6536188,-4.07339,-3.0516798,-4.0947027,-4.3499193,-2.5695457,0.6116972,5.7154756,-0.41146633,-1.3611413,0.6053816,-0.56157947,-1.2048494,0.37368903,0.42541495,-0.40424478,0.04122254,0.0047284886,-0.24223061,0.03421247,0.240086,-0.38055795,-0.06343368,-0.1393723,0.46397153,-0.2597448,-0.011621842,-0.32863155,-0.13690029,-0.30088404,-0.12236984,-0.1425049,-0.2151129,0.21475935,0.060987875,-0.039954126,-0.012047043,0.02562365,0.06786809,-0.083406165,0.17839384,-0.14471395,-0.12063273,-0.09465341,-0.040105164,-0.0725073,-0.047710158,0.9366334,0.042612642,-0.47985202,-0.1162097,0.14986023,-0.106820166,0.2093234,-0.06562224,0.19031973,0.11089848,0.042273838,-0.22552332,-0.07377127,0.099780515,-0.050393544,-0.14501652,-0.25396812,0.13748902,0.20503333,0.08090028,0.050208714,0.05746758,0.034907896,-0.04675605,0.020548899,-0.034686625,0.06536887,0.030658323,0.054672424,0.14886038,-0.021903768,-0.05996032,-0.09931852,-0.021100506,-0.016972058,-0.020311028,0.07606404,-0.11694032,-0.13438925,0.079476684,84.14228,14.185478,18.697844,19.23364,10.8030615,12.310435,9.702328,9.01643,6.278764,5.6806393,7.0047293,7.8862424,6.16383,5.352722,6.715226,4.336433,9.484434,4.5817213,5.3536315,3.3749232,5.196784,4.933959,4.9421277,2.863033,4.256327,3.5738628,3.978247,3.0287628,3.7737074,3.0637305,4.8131037,2.7708511,4.1904097,2.8999329,4.2064185,3.783023,5.6967726,6.160327,7.725728,7.7366776,21.355131,2.7774358,3.828423,3.6961455,2.472076,3.0020907,2.0353453,1.5935395,1.1455133,1.3054388,1.3902953,1.8319198,1.2532135,1.1699934,1.6207583,1.0117017,2.004932,0.847474,1.1945763,0.61727756,1.1564192,1.235737,1.2114056,0.3350004,0.89604944,0.78966933,0.6958461,0.6162901,0.7699568,0.5791347,1.1642691,0.37286386,0.97318393,0.55996525,0.9273777,0.6135937,1.1757921,1.2829226,1.7532451,1.6323091,8.9627,1.6233373,2.8117745,1.7035588,1.185506,1.092056,1.1182815,0.9261905,0.8681439,0.6817622,0.43543148,1.0807644,0.60969764,0.6215111,0.72166723,0.65201426,1.078167,0.78105277,0.61062336,0.32292736,0.6727447,0.7029595,0.6519475,0.27596328,0.35397193,0.5243956,0.44520003,0.42771822,0.42347246,0.48783106,0.65916103,0.3608191,0.7320205,0.4721432,0.45420605,0.56743395,1.1000209,1.2132856,1.3159344,1.3074775,Nguyen_Hoang_Cuong
-519.41547,134.94675,16.906233,25.293983,-17.70134,-3.2891583,-6.9020033,0.41504923,-9.239604,-10.453796,-9.2849245,-3.141076,-13.08,-7.305811,-11.954535,-8.608498,-2.8080082,-2.519949,-1.71638,-8.385941,-11.130064,-5.2334805,-10.550251,-7.8637815,-11.978772,-0.60688496,-10.10671,3.022212,-6.26674,-3.9556074,-8.035525,-3.8348618,-3.706738,-1.8182151,-1.726855,-6.7862206,-2.3625007,-2.4416828,-0.86492795,-1.8345046,2.228176,2.801358,0.66716427,-1.1482912,-0.05663556,0.123616636,0.7469344,-0.33423185,-0.77515066,-0.115188554,-0.95275754,-0.15074702,0.18713902,0.3561985,-0.43435842,0.61105233,0.32768983,0.26349896,0.09194212,-0.18661201,-0.3910236,-0.17479102,-0.341412,-0.019215692,-0.032279253,-0.025207141,-0.013459764,0.25965273,-0.11574561,0.095051676,-0.18233944,-0.122708276,-0.044279985,0.044888988,-0.10118708,0.5165255,0.11703177,-0.14032748,-0.054865584,-0.23229563,-0.65601635,0.14487371,-0.42535603,0.20435873,0.50309783,0.48871803,0.41003126,0.13148145,-0.068202496,0.031733774,0.28671718,0.09941518,0.2169587,0.08794964,-0.008802757,0.18215315,-0.06242209,-0.0022103786,-0.0159415,-0.26135945,0.14382555,-0.011594992,0.31956005,-0.11139122,-0.11005858,-0.110792466,0.17820984,0.08239613,0.081991225,0.08176279,0.13177082,0.031486332,-0.13435781,0.21880656,-0.014375284,0.15553209,-0.022962812,-0.029150754,-0.035316676,0.17657658,46.529778,31.866985,24.182636,11.581338,10.024456,12.525514,16.098316,6.531621,10.512036,5.647188,9.740955,6.2641172,4.3777795,4.4366918,5.6033187,5.1720138,6.595671,6.2899976,6.5164323,4.688497,8.661168,2.7887087,7.362723,4.0256042,6.9529195,3.8227737,4.9569006,5.5333977,3.866186,3.0544543,3.8864365,2.934967,3.508805,4.0810747,3.031899,6.1693587,2.5515318,3.791377,4.188172,4.712224,7.6492887,3.071858,3.4705353,2.378858,1.87899,2.7982874,4.2047124,0.96724105,2.1455114,1.3942909,0.70422494,1.3072096,0.84880865,0.5867473,0.87097836,0.64951813,1.1078552,1.3064779,1.2112324,0.8704746,1.4756149,0.5701334,1.3208504,0.7341234,1.285558,0.54329044,0.94376636,0.8547704,0.80731666,0.46930587,0.3840803,0.49772903,0.79708457,0.9577883,0.44943196,1.4683602,0.5140819,0.5571977,1.1749465,0.61371535,4.316426,2.3115933,1.7005159,1.2761801,1.6968002,1.7322956,2.0327618,0.6104105,1.2243246,0.7392431,0.9588642,0.6934015,0.5488474,0.3821865,0.5155198,0.5692719,0.551475,0.75166947,0.5798096,0.6693213,0.6957736,0.39036044,0.5725071,0.4040714,0.5751025,0.44466582,0.6784558,0.39405102,0.4382387,0.4089802,0.6097623,0.28786117,0.46816704,0.44483492,0.42053023,0.5226341,0.2759226,0.43574998,0.5445399,0.43717876,Vu_Duc_Anh
-491.80853,114.38553,1.5853145,22.957935,-19.203838,-2.1703434,-12.519297,4.7520075,-12.670192,-6.0504403,-5.1314,1.7495213,-15.510279,-1.7264439,-11.901465,-6.553636,-6.5290184,-5.783864,-2.702713,-6.522091,-5.303871,-5.9189806,-7.7173448,-10.233648,-8.080998,-0.9919236,-7.3138275,1.3855091,-7.8247237,-1.9987457,-3.3308592,-2.624929,-6.1929197,-4.9942102,-4.7502193,-4.6077223,-3.4174728,-0.80229926,-1.0457704,-1.2406888,2.786272,0.7653895,0.34419212,0.003368318,-0.48328793,0.20256102,0.36333284,0.28332093,0.03217105,-0.14220935,-0.28441745,-0.0720201,-0.2835303,-0.0554297,-0.21535498,-0.34060952,-0.19330777,-0.21773434,-0.20417377,-0.13238998,-0.077911556,0.03578444,0.20671555,-0.10439657,-0.1430344,-0.07898148,-0.20894651,-0.07976935,-0.013567999,-0.06648578,-0.007880887,0.101042196,0.05384465,-0.06435163,0.06635166,-0.028388113,0.009883709,-0.04912615,-0.21332307,-0.22454931,1.581033,0.58101594,0.027978823,-0.19869679,-0.27204815,0.17397268,0.41737682,0.032425463,0.041827828,-0.0872654,0.12591767,0.12247439,-0.023264423,-0.0011754371,-0.032900944,-0.08764745,0.1587939,-0.13317528,0.118096836,0.192371,-0.03892172,-0.062332243,0.115674116,0.042522557,-0.1491561,0.049144693,-0.044411395,0.22244835,0.19454208,0.1064346,0.139724,0.05602164,-0.081439845,0.05097714,-0.110292144,0.051942155,0.13940687,0.01360384,-0.0072108954,-0.10088441,109.475845,27.234535,14.155801,21.824366,16.81943,7.565437,8.4716215,8.696024,10.361502,8.691383,5.7970643,7.762419,9.753156,5.998334,6.685257,4.199047,5.58885,6.1005635,4.9242005,3.004714,3.5527158,4.3050075,7.4460535,7.8604846,4.967955,2.8992484,3.619319,6.2912974,4.96943,2.8658524,3.4435804,4.6629705,3.40534,3.4374962,3.9656706,3.715606,4.4474626,3.4774435,3.4679363,4.0128217,24.41946,5.890454,3.4287767,5.7503543,3.9280725,1.7290812,2.3119285,1.7055548,1.9163549,1.9744426,1.3771126,1.7498586,2.0048664,1.2049457,1.4649862,1.1173011,1.2902414,1.3933697,1.1682677,0.67847687,0.72909075,0.96119684,1.8245995,1.6282934,1.026371,0.49850926,0.5829801,1.2212733,0.8885394,0.4371306,0.71776617,1.0283017,0.7306389,0.5947894,0.64611596,0.6681559,1.0232991,0.5095916,0.54906094,0.91273344,11.495741,2.8492422,2.4794536,3.393221,2.2758296,1.2377175,1.6453005,1.0501555,1.3606558,1.7962047,0.938204,1.1636983,1.1134671,0.6767186,0.6931553,0.60819894,0.7152599,0.86601275,0.4769293,0.446498,0.57147175,0.7025391,1.1579331,0.7212797,0.6608437,0.42549065,0.3439676,0.9582998,0.39463195,0.28381246,0.62660253,0.66964227,0.55047303,0.559515,0.5161165,0.32675824,0.44815785,0.29964197,0.46982518,0.44000316,Vu_Duc_Anh
-483.1124,118.33214,-25.017427,10.670306,-14.211517,-6.350944,-10.415667,9.888279,-0.78620905,-4.6476583,-9.996672,-0.062623024,-19.061169,-1.7936673,-12.164752,-6.7589874,-5.270488,-6.1925545,-6.535658,-10.555931,-4.8373704,-3.5878167,-9.05451,-10.946156,-5.250007,-2.200904,-6.65453,0.49186343,-6.030331,-0.05086197,-6.5526013,-1.9987775,-8.010272,-0.6934423,-3.4556437,-6.058095,-3.4675193,-2.2401502,-3.865281,-1.9528837,5.983526,1.5536516,-0.63969827,-0.9889922,-0.09153298,-0.47952822,0.31072995,0.2366324,0.4172346,-0.22934176,0.08957556,0.16194126,-0.47254005,0.42536908,-0.2519456,-0.0008647293,-0.054987475,-0.2772931,-0.0018762834,0.061662506,0.1099118,0.15295619,0.042351693,-0.22304027,0.038683105,-0.11017371,0.015306912,0.2313213,0.041195974,0.22026578,0.34617463,0.028278537,-0.36714208,-0.044981256,0.122233525,-0.22544742,-0.12640956,0.2341582,-0.22546238,-0.08790231,-1.0653746,-0.24065483,1.4605027,0.07103458,0.078703284,0.39527833,-0.014068365,0.08117695,0.20615989,0.035207093,0.31321496,-0.26882243,0.62937754,0.055609357,0.090730906,0.074419186,-0.03742589,0.2693386,0.22305673,0.17950802,0.16128233,0.06738353,-0.042922236,0.25407088,-0.112230696,-0.04445534,-0.018019073,-0.010311898,0.13655528,0.06742052,0.13979161,0.15517452,0.070245236,-0.0804047,0.043612227,0.11393165,0.18664584,-0.07134906,0.07588412,-0.1315751,133.27066,25.292645,27.57768,15.8927,7.2467713,11.763574,7.8473315,10.073585,4.8036685,2.8256319,7.601028,10.808334,13.462791,7.2500715,9.698984,7.540685,3.6959803,6.3368773,3.7593038,2.8631837,4.337581,4.639751,4.151415,5.234141,4.751514,4.300785,3.7372017,3.6863298,4.915637,3.708266,4.006072,3.175826,9.194121,3.7372832,2.869746,4.1309876,2.6996067,3.802218,3.885908,1.9365809,20.872644,2.650975,5.303377,1.4302697,1.3277133,1.9422555,1.4872186,1.6155871,1.0014863,0.52420354,1.7200133,2.2127283,2.3288136,0.8404855,1.7407684,1.691463,0.76666653,1.0103182,0.64932066,0.43944344,0.9965001,0.6007167,0.78929573,0.6575569,0.8763912,0.8681698,0.71368504,0.33822855,1.0633532,0.38384894,0.79868186,0.47777963,1.5067652,0.6692589,0.59220254,0.76557916,0.5577936,0.5670325,0.4806021,0.24055593,8.800524,1.2821032,3.3907852,0.6853408,0.6929611,0.8806959,0.6995252,0.63349783,0.54447365,0.55515784,0.77147806,1.1065494,1.219667,0.3883027,1.2338231,0.7514442,0.51926315,0.5743361,0.5721139,0.3522519,0.62606174,0.3999117,0.4589078,0.514321,0.5803685,0.48081267,0.54093343,0.25525975,0.60569584,0.30956483,0.41952386,0.43622696,0.77591866,0.62659323,0.30419028,0.3511792,0.48794025,0.42962518,0.3368956,0.2888905,Vu_Duc_Anh
-545.3744,109.299484,-14.797291,11.901878,-15.671171,0.3976361,-13.872759,7.468758,0.6158918,-2.012175,-6.425062,-4.851745,-11.58425,-6.27621,-10.835894,-7.694434,-9.4260235,-3.5540545,-6.131019,-5.9568176,-5.590069,-3.5776958,-6.8353257,-3.3571925,-5.725487,-0.7234821,-7.70697,-0.68021643,-6.673894,-1.4800196,-8.283659,-3.3404841,-6.978077,-3.3087058,-6.836541,-3.1616266,-2.636214,-0.5923006,-1.6197975,0.8728205,-3.0812938,-1.1916888,-1.1415004,-0.03233155,-0.587319,-0.42919892,-0.7915447,-0.27941218,-0.12998673,0.023359764,0.04772713,0.280512,0.12306526,-0.16877897,0.14186847,0.42108437,0.14274673,0.047815137,-0.03306729,-0.040596515,-0.0151811475,-0.2800882,-0.25000983,-0.020234305,-0.1915889,-0.1055612,0.03603719,0.29234678,0.19054645,0.39567548,0.24021581,0.3101079,0.05259472,-0.0369472,-0.08257982,0.014523275,-0.013631845,0.0055771247,0.11261664,0.010690488,0.93257767,0.2800246,0.30010062,-0.13802171,0.08200006,0.034445964,0.28234744,-0.05432252,0.038892232,-0.10981748,0.06364788,0.06487486,0.23508796,0.1105919,0.048689164,-0.013435967,0.11580789,0.037735954,0.25444636,0.12918325,0.06981075,-0.03672015,0.09659673,-0.007064715,0.031279117,0.13918754,0.34731773,0.17200348,0.08572449,-0.027995942,0.14590272,0.14797151,0.21270972,0.03317599,0.1907438,-0.04605852,-0.12141605,-0.035401396,-0.043546494,-0.092082106,27.573551,11.56793,11.502173,5.7094855,7.0138254,3.864467,7.008802,4.0835123,2.9303174,3.9603255,2.9965596,4.1009803,3.8381746,3.3169327,3.0580673,3.8795083,3.3018618,3.230767,3.631078,4.439428,3.7065473,3.674789,3.8004138,3.0280461,2.5498664,3.1697772,4.7303348,4.5481577,3.584061,3.3344321,4.0888553,4.4742293,3.7168975,2.3907979,3.5833366,3.0470076,2.7040293,2.771111,2.0890646,2.810415,4.321953,1.3465309,2.4523027,1.2329619,1.9103423,0.8015289,1.0772673,0.7061464,0.46439448,0.6346418,0.55950665,0.7389072,0.8054851,0.6528029,0.46338567,0.5791676,0.5068967,0.6277706,0.76788855,0.8431434,0.8383786,0.6240233,0.6773433,0.6324344,0.3131402,0.5565097,0.9275911,0.59382325,0.68935835,0.58682054,0.7646657,0.6472579,0.64091706,0.33322453,0.6265429,0.55158544,0.5340837,0.48246783,0.37157148,0.60724103,2.6048155,0.9441461,0.60614574,0.76624346,0.6046852,0.5605064,0.7072572,0.58582383,0.32800987,0.60289,0.41604134,0.55536956,0.44023022,0.547782,0.36405444,0.31069523,0.35986817,0.5004736,0.5527936,0.5224686,0.50089103,0.46467072,0.49248964,0.35722715,0.3162157,0.4357599,0.526105,0.41413414,0.48786646,0.45182163,0.6335948,0.42860466,0.56433266,0.37376878,0.49326268,0.3842419,0.44035208,0.4119167,0.24104513,0.28533128,Vu_Duc_Anh
-466.8083,72.1116,12.191638,30.014854,-18.518665,9.438563,-6.8744545,-2.0406196,-10.115469,-10.332253,-8.809579,-5.852877,-15.439175,-9.81711,-11.188525,-6.172044,-5.8320713,-2.7846684,-6.8339143,-7.6967006,-7.0997295,-4.3696632,-13.012393,-6.9445405,-8.561989,-1.254976,-8.106075,3.4131386,-10.004876,0.8791719,-10.15234,-3.4817276,-7.908978,-0.6669658,-5.622436,-4.537024,-1.4839547,-3.0065067,-4.770275,-1.6805848,0.008041799,1.9419049,-0.5577157,-0.16138335,0.95801944,-0.5097797,0.30681443,0.38400394,-0.09966056,0.20765325,-0.34800792,-0.6394541,0.008098666,-0.39433172,0.051293455,0.13143364,0.31465966,0.14885893,-0.022071049,0.092514716,-0.25465384,-0.34364873,-0.30840734,0.021238882,-0.010535259,0.0414798,-0.24060078,-0.3804127,-0.043855324,0.06869833,-0.25178197,0.34563595,0.22481503,-0.09046928,-0.14412835,0.34082735,0.08411984,-0.10702291,-0.13034041,0.04432217,-3.8577547,2.6889467,-0.14122786,0.32874775,0.48774856,-0.09145808,0.12692167,0.19478188,0.15830854,0.08736863,-0.17930421,0.010518249,0.18516701,-0.35900766,0.018909737,-0.14594108,0.12021454,-0.00081082433,-0.2415326,0.06380665,0.027448133,-0.35071287,0.25900432,0.14838684,0.037196353,0.20782334,0.07583541,-0.031734016,0.19182134,-0.0340221,0.024120199,0.0024295226,0.1936836,-0.14526224,-0.06281674,0.012708746,-0.003431905,-0.1407386,-0.023784641,0.035826385,55.2537,42.01644,34.81589,29.381956,14.926834,6.043393,7.077956,10.251173,9.425068,4.708305,8.608285,7.445216,7.1889815,5.7064967,4.6916943,6.98146,6.290529,4.1055937,5.3966885,3.647962,4.8072844,5.987798,6.300469,3.8874943,3.2519114,4.321678,3.3929837,4.66386,6.2378144,4.980733,3.6342616,5.1762347,5.029881,4.249708,3.3554158,4.8696995,2.918197,4.4205666,3.3299358,3.6693456,11.60877,6.792831,5.8957233,5.71784,2.7336943,0.9845641,1.5282468,1.5403187,2.062958,0.817355,1.9294381,1.6933627,1.3360943,0.6302083,0.9784743,1.3918719,1.4824176,0.69983727,0.9315455,0.50825536,0.99258035,1.2346504,1.6067828,0.6436916,0.64556223,0.7346092,0.53732,0.46059164,1.3343225,0.98743474,0.7722817,1.0202643,0.9647491,0.69189036,0.6974625,0.86055666,0.486975,0.77679753,0.6891015,0.63651925,7.980728,7.471221,1.5073088,2.3649833,2.4735136,0.8415986,1.1305603,0.793572,0.83902335,0.5855429,1.0721729,1.0444624,0.5631156,0.78302926,0.6841109,0.70002294,0.70582694,0.4705845,0.96000326,0.36716235,0.75080246,0.95508,0.86700267,0.6712191,0.44645333,0.6038966,0.42714342,0.34748077,0.8365494,0.5540018,0.368138,0.59777004,0.5891362,0.5617328,0.44115454,0.38375634,0.4281873,0.68810374,0.4859722,0.5888151,Vu_Duc_Anh
-487.19394,131.99506,-4.1632166,-2.946781,-18.60239,4.372593,-1.9451863,-1.0326486,-9.912059,-5.986609,-11.526085,-6.9308853,-12.576206,-8.309682,-15.00782,-6.629282,-1.397836,0.73462737,-2.1115322,-4.1546335,-7.4780674,-8.420385,-8.953064,-8.384449,-2.0275536,0.17890131,-6.1951656,-0.9357713,-9.460573,-4.8793306,-8.975904,-0.18014905,-6.353916,-3.688611,-2.957167,-3.866919,0.29096863,-3.4568696,-2.4286752,-5.2526407,4.1435003,2.4171813,1.2231246,-0.046297193,-0.5464226,0.35167542,0.2029501,-1.1265687,-1.2957008,0.4742253,0.32518739,0.9050832,-0.11488755,0.29924178,0.24066624,0.07082574,0.22500017,-0.1963245,-0.10989235,0.1131078,0.072705925,0.2371918,0.13623965,-0.59195375,-0.71551263,-0.44152504,0.020390209,0.0094172545,0.1031702,0.06650328,-0.120648414,-0.32630336,-0.33587444,-0.06860894,0.11188577,-0.008067727,0.22671586,0.28432277,-0.098489955,-0.3448498,0.02688986,-0.079966396,-0.0555712,0.05323705,-0.09874785,0.15425545,-0.042348444,0.02508242,0.42508948,0.59893644,0.47648346,0.11162759,-0.08706666,0.1691913,0.27212948,-0.20857556,0.09705246,-0.26234594,-0.13516876,0.09921892,0.071159296,-0.051445615,0.007206876,0.122267075,-0.11608987,-0.012440246,0.06298591,-0.07262725,0.1512509,-0.040937267,0.14138204,-0.15388808,-0.052968748,-0.07696258,-0.037095234,0.19463663,-0.03007612,-0.0246059,-0.11760629,0.062964246,61.57163,37.92071,23.498243,14.075402,10.155063,6.8433843,13.164307,8.139711,18.925116,8.9826765,8.693567,9.43541,4.932267,7.9285,5.759746,3.7017305,4.4323587,6.566395,6.7386956,5.3454022,4.6060023,4.2705755,4.420858,10.447861,7.5275035,5.7507873,2.8559482,3.8858085,3.0866573,4.1126394,3.9144082,3.758517,3.9433203,3.770315,4.4857097,3.8799045,3.0764756,4.502487,3.211064,6.041029,7.0021324,4.0642567,3.5761328,3.36576,2.0077837,0.9839341,2.1896586,1.5824037,2.2618089,2.3208814,2.255163,2.0182993,0.8805679,1.0679483,1.3717505,0.38087034,0.8422225,1.355516,1.6591314,1.3328191,0.9437548,0.8946243,0.9784809,1.5394272,0.86793894,0.86246586,0.58845663,0.7168041,0.3915098,0.9173208,0.78501797,0.693048,0.38910276,0.7846087,0.56557864,0.6269193,0.7806302,1.0072051,0.72218156,0.8590911,2.3893206,1.7505606,1.453462,2.0085936,1.292403,0.8627558,0.7366411,0.7283529,1.3524017,1.2226049,0.8250359,0.79171675,0.6990517,0.65865827,0.67529356,0.6127313,0.80723155,0.9172378,0.6392255,0.72222364,0.5937198,0.46633434,0.6615492,0.6001137,0.5831774,0.6957963,0.39894935,0.45854992,0.6267855,0.6194594,0.46858302,0.54178375,0.35756752,0.5996154,0.3121159,0.39420557,0.36177036,0.32214898,0.37829086,0.44388098,Vu_Duc_Anh
-519.5643,118.17983,-32.380314,7.013959,-16.530582,0.7619635,-14.983157,2.1643403,-4.7316465,-6.1968246,-6.4112024,-6.195635,-17.078732,-7.6513567,-10.327302,-4.334112,-4.012282,-1.536499,-0.77881134,-2.9317226,-0.6297759,-7.342467,-7.76624,-3.0474942,-6.1022325,-1.8080024,-8.703195,0.48260614,-5.3399763,-2.3254445,-7.774354,-2.4654617,-4.576448,2.646738,0.29746145,0.9721062,-0.048784666,-1.5924696,-4.4766746,-2.1369178,4.3122606,-1.5070316,-1.2658479,-0.40761244,-0.371256,-1.3451236,-0.3020292,0.43652648,0.22178543,-0.44503278,-0.07344909,0.25875944,-0.106956445,-0.04988213,-0.44241422,-0.4217201,0.051199052,-0.27139026,0.5244963,0.14426245,0.14155799,-0.27047718,0.06949201,0.038829006,-0.15802991,-0.007520333,-0.34595308,0.054464675,0.060706332,-0.07686062,-0.3396005,0.15056747,-0.024790961,0.274012,0.24969587,-0.03615772,-0.008385383,-0.086356886,-0.28544575,-0.01780799,0.6580554,-0.3821916,0.068675846,0.3461889,0.07400145,0.0075123496,0.4826113,0.40591657,0.31055135,-0.04314375,0.006934203,0.22262986,0.10355461,0.14289339,0.17778376,0.13062556,0.15596439,-0.08594552,0.08970472,0.13580316,0.52069855,-0.0018824935,0.04187405,0.063337296,0.062028658,0.07705234,0.05067922,0.05582688,-0.06388672,-0.1038761,-0.11177046,0.054635826,0.001118456,0.08159997,0.19707352,0.024147928,0.14882068,-0.044451393,-0.16037394,-0.09745105,35.43574,14.321037,18.074883,10.846676,6.187657,10.348725,9.340437,11.606221,8.489097,7.5795574,3.4992933,5.093277,5.1278186,4.828506,7.165718,4.8145666,5.197072,7.106235,6.274962,7.2695904,6.3136535,6.032268,5.2116156,3.2019665,4.6637053,4.3795214,6.1605425,4.618993,4.869187,3.9012747,4.0833297,3.500349,2.5424,3.3409688,5.7773905,5.4384274,3.1480577,6.2146463,4.716216,3.901684,6.9463425,3.0240126,3.1910183,1.1806581,1.3980186,1.4129335,1.5660747,2.6276448,1.2536291,1.8229642,0.65720487,1.1550349,0.92183816,1.3302817,1.2529812,0.5881799,1.0853201,1.3378261,1.3631829,1.861239,1.1990546,1.490099,1.2188091,0.57468843,1.1855977,0.85464203,1.3190284,0.8701862,0.93412256,0.754303,0.76870775,0.9467096,0.50941396,0.67893577,1.207088,0.93784916,0.59195274,1.2321827,1.0946717,0.7829756,2.4819918,1.5851839,2.006753,1.1341343,0.75500846,0.8716271,1.085285,0.932044,1.0290356,0.72279453,0.5018581,0.4253386,0.82075316,0.5604534,0.65875715,0.75098294,0.7664658,0.900546,0.8115484,0.8384113,1.152422,0.9715902,0.8418761,0.53377634,0.6864273,0.6677218,0.7513632,0.456266,0.47463384,0.3123414,0.63318455,0.5396086,0.3472307,0.48559025,0.56323946,0.39390093,0.43122372,0.39056352,0.55780333,0.5177428,Vu_Duc_Anh
-469.963,123.49762,-16.85551,9.413594,-15.709209,-11.725357,-11.844234,10.529182,-2.9162571,-7.2086325,-4.83115,3.5767467,-19.230038,-4.443738,-14.248424,-13.654102,-6.0455713,-8.791567,-6.276428,-13.004967,-3.8508081,-6.441797,-10.356144,-9.180911,-7.6811385,-5.0109177,-5.221754,2.4742515,-7.189273,-1.1913745,-9.805107,0.9048475,-10.606506,-0.37558556,-4.547703,-6.30007,-6.5271072,-1.4763359,-6.941347,-4.056939,-7.6105623,-1.53038,0.3782596,0.5601187,0.08901795,0.15661225,-1.2041968,-0.9532994,0.022025406,0.2584301,0.2923564,-0.25854844,0.7368273,-0.1313014,0.47612047,0.51271844,-0.32624695,0.38925025,-0.13970587,0.064681314,-0.505219,-0.014152432,0.23894694,0.8481368,0.65417856,0.3851726,-0.044883657,-0.010643594,0.106607765,0.0066782776,-0.0740172,-0.36782107,0.50898564,-0.015537709,-0.099178344,0.12787315,0.1950491,0.031514496,0.19263932,-0.06907615,0.0155195,0.14674431,-0.048091292,0.13410464,0.17424664,0.016968846,-0.037213773,0.18879223,-0.01659967,-0.024557851,0.12631604,-0.12638782,0.16208284,-0.11839894,-0.013155736,-0.04658647,-0.00977733,-0.10586703,0.08195802,0.14859045,0.08371839,-0.031543948,-0.026900714,0.15750426,0.10427632,0.18431242,0.14438766,-0.07563934,-0.016597606,-0.061862767,0.04284604,-0.04894227,-0.05039124,-0.023350995,-0.13401222,-0.034714498,0.05135667,0.12076919,-0.04827267,-0.082936645,87.09819,19.15443,12.702719,17.124016,5.773105,11.192635,10.724118,10.99973,4.473513,6.8046093,6.771858,6.29429,11.425263,3.720524,6.0286794,5.792566,4.4782405,6.7297325,3.3646924,3.9849782,5.405568,3.145554,4.633269,7.3889985,6.634135,6.816629,4.972356,4.310166,2.8876882,4.2277813,3.660954,5.251043,7.7225947,4.4289384,3.0527952,2.1911108,4.023437,2.8903325,3.2104084,3.3751721,6.8666735,2.3303561,2.3102677,3.297568,1.4964167,2.326569,1.1758354,0.8921704,0.8778835,1.312487,1.2793522,1.3279257,1.2600498,0.7363451,0.5298606,0.68675554,0.52782273,1.1231804,0.59061676,0.8933731,0.8134189,0.762196,0.6411391,0.7422559,1.5069202,1.4059073,1.1539307,0.90483975,0.49034187,0.6846843,0.8124249,0.89294237,0.8804798,1.1926686,0.58091724,0.43969688,0.72071165,0.49894425,0.36878762,0.65587926,3.289282,0.8920583,1.4325933,1.3300942,0.9620345,1.1226263,0.76214683,0.7058528,0.7332264,0.73934746,0.8034931,0.58440596,0.6862999,0.5485238,0.32946703,0.25980887,0.5455178,0.6604561,0.37326714,0.6031009,0.5676258,0.32606557,0.32298028,0.65551615,0.65441924,0.5723749,0.47396907,0.52648616,0.49396545,0.33992,0.40114477,0.4732731,0.3943899,0.6300583,0.36611155,0.32655045,0.33108303,0.32066792,0.34914565,0.53812605,Vu_Duc_Anh
-435.581,115.51256,-20.163288,8.8755245,-13.9073715,-13.553667,-13.538069,14.418242,-4.7633486,-9.0469,-7.6053777,2.480093,-18.307373,-5.5076346,-17.271938,-12.421026,-7.6274543,-12.474906,-11.530991,-4.7434607,-1.7807548,-4.1214886,-7.5058765,-4.558931,-5.804076,-4.7152343,-5.957931,4.816363,-9.97914,-4.6601543,-10.109495,-2.1661572,-10.072772,-2.1569438,-7.181406,-5.665613,-5.113802,-5.808357,-8.662621,-3.9634433,1.3343228,-1.5881293,0.48482004,0.22465354,0.37723774,0.2749593,0.15907404,0.06777704,-0.23097815,-0.26399392,-0.020867705,0.09332858,0.033599056,-0.18293871,0.07510218,0.15396875,-0.07604051,-0.025830016,-0.05997179,0.27982908,0.29123485,0.04154048,-0.030155405,0.274528,-0.38498783,-0.06640176,0.17016529,0.14976981,-0.10201125,-0.24176893,-0.041277383,0.1531547,-0.123054415,0.031675603,-0.11195093,0.22695135,-0.2270876,-0.1067805,-0.22179452,0.25610173,-0.59485376,-0.3620952,0.3605414,-0.06302258,-0.45227194,-0.17661977,0.0651416,-0.22166057,0.072324015,0.14937888,0.09757507,0.04664767,-0.030769512,-0.0800996,-0.07656242,-0.015801944,0.14280966,0.070799455,0.18524589,-0.052116707,-0.035599604,-0.024127115,0.065470755,0.06185677,0.2026947,0.13509266,0.14122745,-0.051145032,0.016920995,0.16214785,0.18102416,0.08426691,0.002174478,0.009958718,0.026004571,0.04248876,-0.017288627,-0.04826854,-0.11131718,-0.019431476,95.67696,23.491331,18.397223,7.2774053,7.9942527,14.434617,10.430788,15.632887,7.232667,5.828278,5.5786724,5.964233,8.503517,5.479082,5.4147053,3.196706,4.701468,7.0238986,3.11984,4.1165214,4.595656,4.052247,6.7267942,8.157646,8.131251,6.0600805,2.883499,4.875331,3.488063,4.453107,3.8402424,3.1872046,6.408991,2.5763636,3.3232856,4.0432515,2.5219698,4.1528606,4.1572075,3.6201334,18.384432,5.5172977,4.031547,1.5600902,1.6192132,3.0648174,1.7698915,2.9187937,1.3553524,0.7900939,1.0066655,0.9575563,1.7159806,1.3034531,1.1445363,0.6719895,0.9385962,1.4116076,0.45317173,0.8034695,0.6824922,0.853152,1.3236433,1.8324685,1.6443642,1.4903686,0.2563929,0.95867175,0.6106063,0.9178999,0.9019831,0.6299389,1.0309697,0.45674616,0.76207477,0.834693,0.4370102,0.90558136,0.7518344,0.74700296,7.2357426,3.0140762,1.7964185,1.166801,1.1086504,1.2138381,0.65239334,1.2721448,0.6704945,0.74726886,0.7099858,0.41876048,0.81004065,0.8490967,0.6015668,0.46688786,0.638783,0.41244638,0.50771874,0.574992,0.7092385,0.49479604,0.7007619,0.6270051,0.42826715,0.52933455,0.3812976,0.36220697,0.4476061,0.65942657,0.4403148,0.5186347,0.50121516,0.37911955,0.48368442,0.30976465,0.35071117,0.6399717,0.47762775,0.4459652,Vu_Duc_Anh
-516.3263,115.347404,0.27261984,4.5017147,-18.957485,-2.312859,-11.196232,-0.25293136,-0.65257806,-3.3278203,-5.497627,-7.472822,-16.982462,-7.0238924,-8.64147,-7.9654675,-10.127121,-5.729144,-2.9455333,-5.025935,-5.08437,-4.2759132,-6.0292606,-4.3312073,-4.218507,-0.49676228,-6.272737,-2.8906279,-8.738712,-1.7275174,-6.6439342,-5.190448,-7.487053,-4.6510525,-4.1712036,-1.3908393,-0.81336653,-1.908227,0.52473414,-2.379746,6.154158,3.26649,2.468529,0.7535773,0.13785163,-0.8406215,-0.476913,-0.5674924,-0.35656494,-0.46713305,-0.049878422,0.29781914,-0.7404934,-0.071181536,-0.51239085,0.3877628,0.2994757,0.09406419,0.22443593,0.13243008,-0.41388744,-0.19209424,-0.58942664,-0.53335077,-0.6106004,-0.42342377,-0.21531403,0.41176677,0.049139574,0.15690787,0.038370386,0.000893794,-0.020758795,-0.10028995,-0.06899701,-0.34702894,0.019040078,0.032870084,-0.072626926,-0.15525427,-0.46272346,-0.68870175,0.029405922,-0.6887685,-0.29105845,-0.1342988,-0.16000366,-0.21839201,0.14089638,0.47739503,-0.11213988,-0.27599746,0.12020305,0.08373695,0.083135575,-0.15580077,0.21385172,0.20744208,0.23983516,-0.021494478,0.23244946,0.20476031,0.19298166,0.1786468,0.12624338,-0.18800344,0.1997275,-0.048433654,0.12947911,0.12600246,-0.08189995,0.05491753,0.17247602,-0.031867817,0.12781507,0.024545636,0.008322112,0.044442307,-0.033756837,0.00679671,60.780006,31.421186,25.349472,13.196291,7.1550956,10.006902,6.0396514,4.9827967,4.0435853,7.567951,4.829462,5.745417,7.4178233,3.3498733,5.9763083,3.3699226,3.664352,2.7740428,5.6303763,6.9071264,7.173658,4.9555755,6.774479,9.877703,7.347352,4.7847133,5.1364455,4.878834,3.767405,2.8793507,3.474576,2.5228443,2.881279,2.9594715,2.7352011,4.3591986,4.4080753,3.915187,3.4869628,2.7928383,10.30712,2.2455351,6.0375247,3.0003529,1.3473663,2.5223024,1.6323247,0.932421,0.7220095,0.915008,0.99829096,1.4382744,0.78650874,0.56212693,0.86441547,0.59305274,0.6386375,0.36189365,0.8925731,1.0466301,1.6165166,1.075927,0.9167195,1.3894757,0.81706953,0.95278996,1.1532019,0.6623258,0.65874827,0.57951546,0.71907336,0.48266122,0.38899451,0.46840614,0.41705993,1.0565916,0.87104577,0.64376664,0.65929693,0.6772482,4.7580237,2.5617318,1.8443656,2.0241005,1.0544571,0.9589269,0.7061973,0.5178746,0.52071846,1.2563809,0.6313593,0.87099725,0.99373204,0.31086075,0.5708153,0.57324606,0.34355825,0.4483583,0.7069779,0.8320649,0.8450867,0.6087122,0.5961254,0.6101495,0.5459491,0.6889124,0.5135581,0.54014367,0.53522587,0.45449412,0.44890037,0.26151124,0.38486785,0.41976503,0.39965296,0.3665545,0.63258326,0.56873846,0.44425562,0.37656504,Vu_Duc_Anh
-498.19156,110.09897,8.147815,9.222551,-20.09181,-4.8951426,-13.735918,-0.07000446,-3.055712,-3.801794,-8.685616,-4.328104,-16.107578,-10.842349,-12.277931,-5.425155,-4.892061,2.42342,-3.7846053,-8.066788,-11.767587,-4.9904075,-9.331764,-4.7139463,-5.5485725,1.3835902,-3.0552406,1.2820241,-7.5873756,-3.4329839,-9.71087,-2.5041492,-5.627243,-1.9389862,-5.2640295,-2.9687147,-3.514552,-1.0456108,-2.2179723,-1.8641052,-4.5731106,-2.081111,-2.4182582,-0.14618267,0.1500051,0.9511747,0.48605984,0.62900186,0.15832812,0.22153744,0.31894267,-0.2809445,0.5761822,-0.34659138,0.25312018,-0.31655407,-0.23363556,0.011634916,-0.13156313,-0.5358318,-0.077291824,-0.16372788,0.5094205,0.42728177,0.28837344,0.37027133,0.045195945,0.045364402,0.006602496,-0.034112327,-0.22855541,0.025489602,-0.03542833,0.31822032,0.10705863,0.0050077597,-0.027551832,0.168425,-0.04479026,0.24719983,0.10477042,-0.5163205,-0.18174247,0.015033938,0.2699054,0.08079304,0.05256945,0.052625224,0.264173,0.21032469,0.52521706,-0.2051825,0.25417525,-0.35061935,0.09787466,-0.0027820468,-0.04978907,0.15252317,0.18001255,-0.043319143,0.09652152,-0.009902999,0.19043368,0.007941566,0.0056861714,-0.020627484,0.03662678,-0.111443415,0.24734509,0.12484877,-0.040060192,-0.06525688,0.15927985,0.096337765,0.2756651,0.14036408,0.18382281,-0.023109935,-0.07717153,0.094179675,43.313255,37.061832,21.225224,10.160865,10.590517,9.726224,9.565196,7.3414044,6.9586816,3.8418586,7.5321193,4.371381,7.875923,5.761494,3.4554229,4.8251805,5.7595525,4.2960515,3.4330335,6.93445,3.8854852,4.655298,5.927284,7.417569,4.9013953,5.745124,4.8064055,3.2279758,3.3376284,2.2871726,3.879855,5.2751994,3.6734416,2.8395348,3.8193357,2.846734,3.7680986,2.9037611,4.1542673,3.821303,6.375049,5.772276,3.0154352,1.9647229,2.43847,2.3866146,2.4499977,1.8821341,1.4666767,0.5034479,1.1765475,0.6618579,1.2933444,0.95161766,0.5083599,1.0328788,1.1630105,0.7900942,0.821673,1.2715645,0.68329775,1.0133836,0.7530709,0.78752846,0.5990569,1.1531845,1.2040423,0.4072779,0.61241215,0.39760783,0.78846157,1.1607105,0.97946095,0.6180004,0.8412957,0.5082703,0.68109864,0.22779618,0.6218194,0.75800675,3.2044172,2.697484,1.5154201,1.1946543,1.8255457,1.1974629,1.0819465,0.89336234,1.0364592,0.4828519,1.4356643,0.8945195,1.1433187,0.7774082,0.4339897,0.51428443,0.73081577,0.43414357,0.46184865,0.7851009,0.40470555,0.46908146,0.74041975,0.4799639,0.37825674,0.5381417,0.5919829,0.5259583,0.5231687,0.3476094,0.3325116,0.65027845,0.47467458,0.27956823,0.62233967,0.3987405,0.6176349,0.23602378,0.59172136,0.5019307,Vu_Duc_Anh
-460.2615,137.15544,-22.998959,8.577686,-17.827095,3.5584254,-1.0028514,5.2254844,-4.9015393,-6.0897837,-10.554873,-4.374152,-21.019943,-5.5076165,-6.6411905,-8.049858,-8.041088,-5.966137,-9.445036,-8.840506,-5.681383,-6.0066843,-10.532164,-9.821856,-8.732887,-3.4183981,-6.7635703,2.1810436,-7.0793276,-1.4987547,-5.874017,-4.6850653,-7.530013,-2.0228596,-6.131358,-5.041169,-4.1239705,-2.6797833,-5.4705114,-6.8718824,-0.22326756,0.7346324,0.5684195,0.86260086,0.2706797,0.12969223,0.34721878,0.14137182,-0.3133626,-0.39880076,-0.26268595,0.10479814,0.3330329,0.3779893,0.39734018,0.31930074,0.108919755,-0.43901867,-0.13897578,-0.07738933,0.16420838,0.05506043,-0.16796859,-0.6110494,-0.34429684,-0.2353217,-0.08791235,-0.115425214,0.070677236,0.36274296,0.14089958,-0.2829333,-0.2508918,-0.3532402,-0.14686611,-0.005417168,0.080004536,-0.06045057,-0.01831042,0.13091685,-0.636055,-0.104221955,-0.010240495,-0.10541619,-0.10158324,-0.08031286,-0.10513205,-0.36842635,-0.27257302,-0.11559951,-0.038466178,-0.043821707,-0.021502107,0.09212126,0.009130999,-0.14034879,0.011998266,0.13747692,0.14563444,-0.0072242506,0.11523786,0.16352314,0.063879356,0.02184987,0.19438072,0.07653453,0.047249287,0.093046434,0.1252329,0.045319483,0.024322659,0.04994505,0.07780894,0.16187485,0.2102418,0.1236974,-0.013205927,0.0027758554,0.118414566,0.17659022,81.07834,20.384796,16.786945,22.782185,14.434357,6.396496,9.250973,8.915468,6.304744,4.4112988,4.9517994,9.82668,14.726553,6.178822,9.05499,9.231618,4.1984468,5.7875485,7.2177258,3.8660936,3.703833,2.9815326,3.9752963,5.46742,5.1815314,3.4191978,3.1461828,3.7849047,4.115554,3.865594,2.4190574,4.021606,5.50639,3.7892256,3.9007323,3.0190318,5.309589,3.0792325,3.2570763,4.9910283,15.92458,4.8341446,4.610381,6.4414353,3.589548,1.3580647,2.0988069,1.9523376,1.1910964,0.6165377,0.5648625,2.1644442,3.1369052,1.4119087,1.5818154,1.704507,0.9954797,1.2078054,1.4971783,0.61024755,0.77285254,0.5660847,0.6184337,1.2118528,1.110743,0.605351,0.63639903,0.7134824,0.63403237,0.84789675,0.42950433,0.9473948,1.1669852,0.50778234,1.0335536,0.5644362,1.0284411,0.5175515,0.6423509,0.9769358,3.803959,1.7960812,2.2398949,3.326944,2.0139084,0.5881983,0.7462562,1.3896673,0.9820919,0.4665274,0.35711128,0.9608807,1.6975594,0.80654466,0.7828415,0.6815114,0.51256555,0.70494,0.779227,0.5390153,0.44523177,0.33303186,0.38851765,0.52249974,0.36571598,0.34377122,0.36158422,0.42637768,0.39775345,0.38593537,0.3603795,0.43539056,0.4828211,0.38602528,0.3593156,0.18243746,0.45720777,0.29780224,0.18855794,0.62160546,Vu_Duc_Anh
-480.95483,103.30864,-5.6546497,4.9009724,-31.287952,1.6793286,-12.108357,4.5886345,-8.040333,-12.333591,-6.2389793,-0.70806444,-14.835384,-0.3730356,-7.031985,-6.366186,-5.5148773,-5.065668,-6.616735,-6.271183,-3.5263445,-2.8530245,-7.0981846,-7.1446953,-9.326244,-3.696703,-5.277899,3.905056,-4.0889754,-1.1524644,-6.39494,-2.4584017,-6.4793577,1.2135001,-4.620388,-3.2389338,-2.4179213,-1.8568007,-5.7445526,-3.897657,5.057116,4.419734,-0.17246205,-2.6494555,-0.62406665,-0.14241496,1.1666557,1.0067527,-0.28520572,0.649713,0.17712753,0.66545737,-0.84539187,-0.061865054,-0.71005446,-1.2083808,-0.17411098,-0.44530958,-0.06323558,0.07133383,0.13927051,0.00076095015,0.3490811,-0.018250817,0.025949225,0.059445553,0.0021569058,0.085886,-0.2908686,-0.1043919,0.110454775,-0.14332645,-0.14328155,-0.25152963,0.1080798,-0.36095634,-0.17595088,-0.0025658458,-0.07892515,-0.3115363,-0.22208804,-1.2532266,0.27902973,0.14860895,0.10543738,-0.45181572,-0.23475207,-0.054185443,0.35878554,-0.27899614,0.07908558,0.054944456,0.5342018,0.019174466,0.23197639,0.08260705,0.06229247,0.17763346,0.037376054,0.180543,0.2232024,0.041427024,0.14172833,0.2054008,0.13570987,-0.01925293,-0.010928517,0.06727092,0.20145376,0.078059696,0.005322933,0.026338816,0.01941415,-0.11818389,0.07459492,0.0926099,0.13906786,0.096256725,-0.029167179,-0.00426466,102.827385,57.470295,17.126255,26.88085,15.592559,9.041452,14.308807,10.045058,8.992318,7.9149356,4.8693743,10.595014,8.771546,4.8797693,8.05046,10.295301,5.72431,5.363981,2.8671334,4.1872683,4.3379307,4.6345253,5.5212526,4.792077,4.349868,3.0758808,2.9451926,6.789381,3.9265838,3.8261447,5.7898498,3.697574,6.9642715,4.258205,3.0351999,4.0633636,3.7752812,7.0568485,3.3102326,3.7851305,13.954484,14.517073,4.097909,3.2724721,2.3278844,1.9789815,2.6448636,1.6908448,1.8423445,1.8972994,0.6694848,1.2444924,1.2926694,0.91003,0.9936931,1.2023392,1.0193956,0.37204066,0.628467,0.8868271,0.86219674,0.8175829,1.1789796,0.8736079,0.8743739,0.5978074,0.6933497,1.3601662,0.68128663,0.7476112,1.1272498,0.8435601,1.281598,0.86379904,0.6031454,0.5344377,0.6946971,1.5340052,0.59565425,0.772397,5.3984838,8.34536,2.3785148,2.10839,0.9290383,1.0013375,1.2854475,0.69599783,1.5595353,1.2349576,0.72867966,0.98682344,1.3412529,0.4544002,0.3049555,0.645759,0.544296,0.6453529,0.41861674,0.6541689,0.5337081,0.5161796,0.44859505,0.52760273,0.49148643,0.36989218,0.36233032,0.61760676,0.41243657,0.5594731,0.7712972,0.46176055,0.56193906,0.67040515,0.46909305,0.42184025,0.43950504,0.6889908,0.31683895,0.48186868,Vu_Duc_Anh
-522.5246,107.878265,5.6720033,12.786203,-16.525026,-6.409951,-13.527427,2.1973932,-4.07969,-0.76294816,-2.8276901,-1.1660453,-10.294943,-5.2579794,-10.192305,-9.604671,-10.059351,-2.5674286,-6.409319,-8.872314,-4.999073,-4.0137467,-8.209308,-7.027689,-8.176215,-3.388867,-6.658539,0.41419065,-8.698507,-0.77907825,-6.091382,0.98900276,-2.0738008,-0.9077743,-3.9034028,-1.9687828,-2.24501,-1.364234,-2.6113658,-2.3169532,-5.9155345,-4.040086,-0.6670691,1.9290584,1.516737,0.82508135,-0.27210572,-0.1261034,-0.15651149,-0.10634227,-0.050762523,-0.39937696,0.6435602,-0.32622883,0.2515123,0.18933967,-0.25570625,0.29985797,0.34631577,0.058363255,-0.018825267,0.00010953657,-0.0006179102,0.11802976,0.25107676,-0.13281277,-0.028903255,-0.2527222,-0.07156125,-0.08081888,0.09195719,0.17897493,-0.042796034,-0.2848825,-0.18200085,0.13554181,0.18676597,0.33230835,0.16379125,0.6126765,0.45411283,0.10403317,-0.2639491,-0.4501772,0.08072774,0.22690833,0.25803077,0.41970503,0.4554673,-0.083463304,0.10804278,0.0320453,0.1407893,0.045476615,0.21902092,-0.039434068,0.037891097,-0.023838587,-0.013610624,0.0276144,0.18877488,-0.09285651,0.31160122,0.1603208,0.15723917,0.07254546,0.12295051,-0.11157524,0.15231761,0.11096301,0.26899332,0.16547373,0.17585368,0.059036285,0.18342707,0.26958862,0.2519476,-0.10980685,-0.004648775,-0.0651555,55.735752,49.800396,11.982297,17.085821,13.675266,8.983548,7.191858,5.47063,5.52912,6.1012645,3.8478127,3.5547063,6.2118564,3.641183,5.94685,4.993471,3.881852,4.3889832,3.4528468,3.4219055,3.9578598,2.9660466,4.5123367,2.9764562,5.1635537,3.5143228,2.9437377,3.823297,2.5959487,4.211221,4.244993,4.482752,5.3036046,4.1642137,4.2914987,4.154125,3.7347155,3.0938265,2.708659,4.9925876,11.520409,5.601857,2.4713693,4.2280016,2.401098,1.9155844,1.0183793,1.0174446,0.88142186,1.181987,0.8145634,0.4458849,1.0118982,0.8645345,1.0063922,0.68197113,0.92008454,0.56392527,0.50441813,0.7010959,0.85407984,0.5013801,1.1459706,0.5190659,1.1154592,0.6198614,0.5284984,0.74060655,0.40456882,0.88813555,0.6301748,0.65913635,1.0707662,0.7423659,0.92890716,0.66887337,0.5534729,0.46243408,0.29279932,0.5159787,3.5052824,2.5569952,1.248867,1.4130011,1.252069,1.2307408,1.1181796,1.0323037,0.9650167,0.6203154,0.60355425,0.20715043,0.7499764,0.41456655,0.55167437,0.33635765,0.46863157,0.43609375,0.45529237,0.50022066,0.6442078,0.35026252,0.6157492,0.3521492,0.49345624,0.42457274,0.29102987,0.4865968,0.41790116,0.6298891,0.708785,0.43890947,0.58062583,0.48485053,0.6445735,0.7329524,0.48952433,0.3273465,0.33244523,0.34008923,Vu_Duc_Anh
-366.49286,124.613266,11.324784,23.64133,-2.7369735,5.9566174,14.095053,4.410882,5.4329677,5.7813463,0.98092467,0.51236427,2.488249,0.40645373,-1.3105227,3.9956849,0.16341293,3.5284853,-5.644499,-1.3835363,-1.466689,-5.2747183,-1.011797,3.1973429,-5.6259546,2.5666435,0.19375014,-0.8261041,-5.1544647,-0.7591695,-3.3475227,0.450729,-4.1753263,-3.4605808,-2.9958568,-0.5231645,-5.1581097,-2.9226282,-5.72439,-0.7771567,1.1949866,-0.8080938,-2.1956632,-0.9617672,-0.4408692,-1.003516,-1.3000238,-0.376781,0.91955304,1.0153868,0.06638178,1.1372943,0.5417368,0.2539801,0.7528496,-0.10852767,-0.2728918,0.4303195,0.49717617,0.9261862,0.5333153,-0.044633623,0.62188596,0.0024110116,0.17393193,0.19499019,-0.18981571,0.54324996,0.170425,-0.24309546,0.16998018,-0.13552193,0.42013133,0.254633,-0.048625156,-0.010771143,-0.21149048,0.12041741,-0.03102716,0.040495947,-2.370923,-1.3006113,0.22725421,0.5243222,0.32777596,-0.17030348,0.2783805,0.31902063,0.39822793,-0.26508188,0.09989943,-0.00053715706,0.30574393,-0.20819609,0.09989744,0.09194356,-0.10135886,-0.052722365,-0.11799771,0.019503795,0.01672402,0.28343675,-0.044762675,0.031404816,-0.1010146,-0.10869483,-0.118609644,-0.04060957,-0.07824236,-0.07498794,0.18529099,-0.024638113,0.08041829,-0.08449996,-0.080665976,0.030398272,0.008311331,0.10967833,0.22236735,0.057380147,108.81423,45.725365,28.937794,16.8924,21.470802,15.0849695,12.523634,8.209399,11.53944,9.752174,9.648769,9.95417,10.709911,4.6287436,8.374703,5.1137433,8.451319,4.880504,10.225889,7.4275913,6.00331,6.716795,5.6618576,5.6188536,7.577661,4.614259,4.123881,5.563984,3.1551175,2.7668326,7.434267,3.573845,3.8565278,3.1472313,3.3643982,2.2740796,3.7545877,2.154485,3.8443644,2.7457962,26.87265,9.202917,3.1673238,4.0866804,5.242104,4.2470436,1.675013,1.8735142,1.3438278,2.2644792,1.7046014,0.8280509,1.3666593,0.96388453,1.9552426,1.0381455,1.6312062,1.0951065,1.6314944,1.3084226,0.63004774,1.4387056,0.9708697,1.0380805,1.8588152,1.24685,0.6351954,0.6432436,0.4136287,0.41989943,1.4137338,0.5985461,0.67354935,0.8148404,0.4927238,0.3226383,0.9094648,0.29715383,0.8002942,0.28790435,11.025253,3.3047168,1.9927028,1.6940162,2.1806693,2.0949955,1.1142317,0.87155753,0.73828745,1.7233182,0.89402294,0.92867774,0.941534,0.6445326,1.2640129,0.47792143,1.0242786,0.57487917,0.84398085,0.62393504,0.764129,0.7388679,0.59494394,0.5796896,1.0096992,0.6034004,0.43828815,0.50472414,0.42121643,0.30315298,0.53406984,0.55257,0.48288637,0.4246822,0.34389275,0.24626602,0.43067265,0.31289878,0.47823516,0.36089188,Vu_Hoang_Viet
-352.72455,59.84221,32.80362,37.075546,13.558498,10.81024,16.532013,5.0631094,-5.4489803,6.778701,-3.2806382,0.43911874,-3.2223155,2.6557865,1.6122078,2.6656003,2.7004828,1.9642724,-1.7880636,-1.2438172,-3.4562047,3.0820827,-0.79107046,-1.9875423,0.656819,-1.6072261,-2.205111,0.40728664,-3.0543413,0.23290206,-1.7284322,0.5225353,-1.1220593,-0.20831181,-2.948483,0.23619851,-0.5502703,-1.2900875,-3.4350274,-0.64677674,1.1817055,-1.7334237,0.16997352,0.015947133,0.23477665,0.36135176,-0.35182187,0.2706951,0.21780491,0.096415184,-0.008025799,0.35562223,-0.17246377,0.18492335,0.34414393,0.23319241,-0.10657701,0.06820711,-0.09951312,0.2608383,0.18669671,0.020233605,-0.058148168,0.13054314,0.14099222,0.12538134,-0.082057685,-0.0039547756,0.15513128,0.09456639,-0.08511087,0.11738201,0.050443996,-0.06735723,-0.15503159,-0.11685733,0.053510793,0.21021326,-0.078476675,-0.062699676,0.31194067,-0.6818687,0.2933814,0.18121329,0.20653717,0.18897887,-0.1461806,-0.19881985,-0.23780814,-0.06635341,-0.055446714,0.14820865,0.033640265,0.20927608,-0.21005958,-0.026156098,-0.018012315,-0.178133,0.0069703944,0.015948387,-0.103080764,0.14326304,0.1374306,-0.011532724,-0.029389024,0.0011489093,-0.1759822,0.010197524,0.026890572,-0.035565924,0.012821294,-0.05560673,0.034970537,0.068794005,0.02606583,0.15582706,0.016370654,-0.04944498,0.07513592,-0.050307084,157.26503,53.811245,22.284695,25.274706,9.701294,18.901947,13.837231,9.845449,15.210609,9.013135,9.917716,6.7200885,10.521749,5.4252253,6.1267796,6.740749,3.3289173,5.6599936,3.2489884,5.2774415,6.8075433,4.964183,3.68319,7.298221,5.507645,4.599137,4.6170144,3.6898577,3.7975364,2.3639474,3.7332087,3.067337,3.2399032,5.3781023,4.8875566,4.021537,2.7744193,3.0097337,3.0726087,2.9490337,30.366768,10.956446,5.000545,5.2319293,1.927737,4.0437474,2.779981,1.9073236,3.256957,1.63468,2.0621898,1.5206264,2.4371529,1.1557744,1.4918033,1.6294416,0.5632289,1.1205624,0.7941731,1.2124245,1.376855,0.8895312,0.6311999,1.5393006,1.3022593,0.90591913,1.0271086,0.6732775,0.8069251,0.42181996,0.5864757,0.6895806,0.54018384,1.0718848,0.78070074,0.7823845,0.5338111,0.64562315,0.4886736,0.45219934,12.739493,6.3141036,2.1589727,3.3627906,1.654631,2.2587698,1.4046167,1.341754,1.5070332,0.9137754,0.8433122,1.0612309,1.1165069,0.7744225,1.1704823,0.84497863,0.43928254,0.86774886,0.3441315,0.38464627,0.8371415,0.46558002,0.35471442,0.8888369,0.8203863,0.4849729,0.77324957,0.348805,0.36723834,0.20385651,0.5552751,0.4822652,0.41939718,0.61812806,0.41939,0.5259364,0.37419084,0.35159034,0.43519565,0.4748255,Vu_Hoang_Viet
-174.46216,115.88322,12.768097,-2.7262056,11.893037,19.60738,-7.84729,14.640459,5.1658254,12.208128,-17.831345,2.434623,-4.2923613,-4.4583154,1.1388415,-7.9973483,-11.83882,16.466179,-22.674711,6.4498625,-5.8856544,-5.1562147,-4.4094195,-10.369502,-8.605047,-5.7962146,-4.12821,-0.80041546,-8.110279,1.1417984,-8.656498,-0.86103547,-2.3742232,-4.056719,-3.5959344,-3.664074,-4.3165207,-4.915856,-5.639052,-1.5755872,-2.669822,3.4828951,0.041834913,0.38348168,0.9810436,-0.059933495,0.65335584,0.9383282,-0.777138,0.64518416,-0.26131463,0.16660699,-0.7607069,-0.45908058,0.25250375,-0.56781316,0.092715554,-0.1900597,-0.55584663,0.24367556,-0.27936554,-0.4287623,0.39754117,-0.84011555,-0.014306396,0.012529813,-0.19041377,-0.44268727,0.21711205,-0.034001883,-0.17747264,0.11865591,-0.01563024,0.008552838,-0.22573332,0.17684844,-0.07841515,-0.51316845,0.11323458,-0.33827877,-1.9192209,-1.3234937,-0.80063844,0.4115561,0.2523405,0.113968164,0.24852452,-0.069005065,0.7216151,0.116473265,0.024883285,-0.14609468,0.29631484,0.09562925,0.04117569,0.12161289,0.12346724,-0.010896541,0.5066375,-0.100764945,-0.08822724,0.073063426,-0.09504665,0.087326996,0.17026702,-0.06495969,-0.09873073,0.19013673,-0.22646496,0.09242882,0.2955101,-0.067919895,-0.082579866,0.004343018,0.010973185,-0.008640967,0.082578324,-0.036479145,-0.05450142,-0.066014424,63.618896,65.2673,30.666845,21.864363,16.415762,9.126309,15.292649,13.012744,17.44855,14.443265,13.321706,9.284189,9.130287,11.773764,10.000841,7.2938266,11.012631,13.388808,10.500167,3.7741709,5.868341,5.295022,5.947831,6.2404475,4.60756,4.751016,5.6574216,5.546753,4.214838,4.7774405,5.2738843,6.253858,3.7743556,4.227678,3.9008503,4.0423245,3.6702409,4.7167,2.736031,3.670363,13.680356,16.769407,7.4357734,5.5508013,2.2557902,1.7197909,3.4995503,2.3959947,3.7396264,3.0960457,3.2618754,1.1954406,1.8285431,2.9918172,2.3549402,2.0774314,2.9173417,3.079615,2.304815,0.47874913,1.5007441,0.936563,0.7064995,1.5462288,0.52623975,0.8676514,1.1161853,1.4235114,0.92096525,1.0341461,0.8804133,1.1911335,0.64147687,0.9388995,0.98144037,0.8673319,0.7771113,1.0638888,0.57605314,0.7814186,10.128078,9.496432,3.035015,3.584049,1.2593981,0.7600589,1.5080198,0.8001322,2.2416506,1.3435022,1.5453879,1.632782,1.2805017,1.2916445,1.4071553,1.1072867,1.502636,1.3735111,1.7203566,0.5090228,0.89175826,0.60847425,0.5840057,0.6655932,0.86011386,0.4783904,0.66587025,0.80235875,0.5542825,0.63238806,0.96208805,0.7521469,0.5576313,0.54499197,0.5311156,0.56657016,0.49421152,0.4227827,0.19826983,0.36669075,Vu_Hoang_Viet
-252.82129,105.25417,46.093307,45.33424,17.730614,2.121294,3.15503,3.0287156,-9.215865,-4.6492505,-12.278998,-11.230394,-4.319931,6.3674355,-9.680304,-0.23651934,-5.148308,2.9741743,-14.088951,5.187686,-9.915443,-6.797948,-4.1674657,-8.823698,-8.50231,-1.1612728,-7.3647957,-3.392791,-5.9288845,-0.7200861,-7.2024794,-2.1061342,-2.8156145,-5.5440383,-2.5953786,-3.5301929,-1.2931259,-3.4135861,-4.4542346,0.3094526,-4.7960167,-4.3230453,-1.2980647,2.2345958,1.7923238,-0.3762269,0.2832784,-1.0816047,0.8655443,0.2326676,0.53333664,-0.011658609,-0.24092121,-0.35278696,-0.21909435,0.5236932,-0.02724009,0.19728307,0.39603972,0.051363934,0.2474045,0.3016593,-0.34975725,0.44393706,-0.33357698,0.29721737,-0.044121496,-0.39405036,0.4266088,-0.4682158,0.107828274,0.42707717,-0.07331182,0.38853025,-0.1698406,0.08194813,-0.017791795,0.15415944,0.071653865,0.41527644,-2.608522,-0.9277619,0.3372056,1.1194642,0.32598153,-0.4018184,0.2883229,0.59459114,0.3839938,-0.16750231,0.13666762,0.47958288,-0.21289201,-0.21776915,0.04912136,0.20929226,0.01221779,-0.10370013,0.27422538,0.032676548,0.29652643,0.24455705,0.28922135,0.022432938,0.23409322,0.016944364,-0.23810968,0.076988555,0.09095243,-0.08951073,0.23259822,0.029589616,-0.03085927,0.25413048,0.11074502,0.2066722,-0.015103884,0.049301483,0.23371199,-0.0918883,73.61985,64.40205,21.28349,27.641119,16.699394,15.531014,11.307602,12.191577,13.124659,7.6898437,8.1771345,7.1365256,6.546876,5.5665193,7.988068,7.518352,5.3099947,5.9433956,8.66125,4.175574,5.223547,5.0784473,4.7216067,4.6793323,4.821861,5.1240873,4.7166467,5.915596,5.2563553,5.1301837,3.728452,4.393371,4.277902,5.8190794,4.429662,5.0253806,3.0125852,3.5503817,3.8866355,4.6018815,14.964532,14.778297,3.0867014,6.433402,1.8505219,2.829697,2.6224144,2.4663703,2.2901206,1.210488,1.9313029,0.98306465,1.0922025,0.94032735,1.2207091,1.5718861,1.057453,1.4346404,1.8431563,0.5012327,1.0880336,0.9750538,0.7793676,0.9476436,0.71411,0.9364549,0.98829734,0.95740736,0.85752815,1.1947675,0.70398307,0.51322895,0.83933985,0.84796005,0.8133607,1.0888811,0.39559004,0.40611684,0.72540855,0.68459445,12.43396,10.26033,3.0144005,3.8707922,1.9864239,2.2946637,1.6436616,1.4036824,1.9441559,1.0180889,1.0840383,1.1560122,0.9698045,0.7318916,0.86254245,1.1985297,0.8237202,0.7455096,0.946223,0.7055701,0.5949194,0.5434735,0.8114657,0.63618255,0.63671505,0.8045436,0.8027806,0.7928357,0.5718854,0.7656599,0.58926374,0.44550073,0.644875,0.78668785,0.59443885,0.7628333,0.3717351,0.5416719,0.6246248,0.5549189,Vu_Hoang_Viet
-341.5028,105.59723,19.230392,35.829037,27.801468,12.478125,7.3998485,11.924168,-0.8594903,2.495885,-13.829479,-8.022098,0.14264682,2.4035194,-5.852048,2.6462557,-0.76027787,6.9067726,-9.32753,4.419141,-6.917776,-5.1063995,-3.6281323,-13.086145,-3.4471092,-3.346188,-1.379769,0.49337646,-4.8736,-1.2537977,-2.4667702,-3.4518404,-2.5847404,-2.8110268,-4.287781,-2.7831626,-5.120823,-3.3117516,-5.293668,-1.5570074,-6.8039556,-2.7550619,-1.3901156,-2.6503425,0.04198975,0.84939647,0.7255546,0.09346413,0.88880885,0.9096297,0.7452471,0.46286425,-0.3269566,0.042776987,0.3722904,-0.26877692,0.36641747,-0.049224027,-0.09697461,-0.12477279,0.38873005,0.10326286,-0.07480334,0.414743,0.42329627,0.29686612,-0.054468676,0.42507505,0.15664095,-0.12414123,0.37251765,-0.06683165,0.14990811,0.3557163,0.027388802,0.20932096,0.24171612,-0.09040306,0.099242136,0.0018927632,0.8107629,-0.42268145,0.11911514,-0.14877915,-0.1154498,-0.71728414,0.026330885,0.26759738,-0.019441277,0.012809157,-0.0730902,0.52164936,-0.28880456,-0.19679503,0.21319169,0.1681571,-0.24835825,0.13855806,0.008346021,0.3139971,0.111191876,-0.09848047,0.21146432,0.1722113,-0.1446945,0.1414921,-0.06705904,0.22058764,0.0810465,-0.09957048,-0.07914904,0.06413385,-0.15763721,-0.10063492,0.07912611,-0.11870982,0.038259447,0.011295859,-0.07480745,-0.03199514,151.96696,34.454704,30.005283,23.281475,6.8654914,17.876482,15.473142,7.76222,10.208797,10.364688,12.817233,9.966509,6.4283686,4.7622046,10.0052805,8.630803,5.2524595,8.693588,12.409112,7.13855,8.486176,5.4024014,4.065487,10.461314,5.2844615,6.9920382,5.4878616,6.278258,4.069139,4.8620243,3.6504395,5.2779226,5.893271,3.5134363,3.6486866,3.346945,3.5267706,2.7972293,2.8760202,2.3801153,20.792614,4.0251703,7.3400555,5.3969316,1.5555228,2.9002867,2.585673,1.8753433,1.6768992,2.7044518,1.369473,1.7637,1.266143,1.0082884,1.4746093,1.581114,0.9122283,1.7774414,2.7639565,1.5114772,1.0984299,0.83647865,0.9134672,1.4506541,0.82014614,1.3971587,1.2793992,1.7016944,0.78391117,1.2238971,0.54154956,1.0656888,1.248715,0.60826004,0.689404,0.60138327,0.41683257,0.5974507,0.4534546,0.27685234,11.108462,3.3805158,3.5961046,2.646147,0.91822237,2.2665558,1.0816704,1.096309,0.94793767,1.2350239,1.139352,1.6440165,1.044328,0.61817056,0.8306948,0.9412254,0.7435139,1.1512005,1.6034454,1.1952797,0.7010089,0.6828684,0.6309898,0.66814584,0.72744715,1.2817441,0.9333159,0.9137662,0.44958076,0.7137198,0.33456525,0.5206973,0.9310626,0.4681727,0.42538875,0.5336821,0.36323896,0.3534804,0.20875192,0.39074245,Vu_Hoang_Viet
-288.97855,118.00276,34.27767,22.272415,10.831272,24.300966,-4.391204,-0.6715182,-2.9516003,0.7350891,-6.0063205,-9.678814,-2.5333602,4.6949964,-6.557189,3.098903,-4.2190714,5.212469,-8.354416,3.9842205,-5.141905,-6.8195267,-1.831004,-6.5902653,-4.5257654,-0.21632355,-5.7978406,1.2852957,-3.3344166,-5.888009,-1.9238704,0.5450542,-2.439797,-3.7874763,-1.9214162,-3.51814,-2.2119918,-1.4190409,-4.9133573,-2.4514236,8.056713,0.56701875,2.8102512,0.7392386,-0.5867941,0.916771,0.17256755,-0.5027605,-0.13594332,-0.22525126,-0.022740707,-0.6816652,-0.52786684,0.2905153,-0.37834466,0.045961995,-0.07569031,0.40704322,0.060474947,0.08585687,-0.30278906,0.1368386,-0.28215736,-0.16855386,-0.23101667,-0.15889502,-0.16574487,-0.1742225,-0.22992542,-0.20366493,-0.28514695,-0.122750714,-0.25475296,0.03934401,0.1411162,-0.21069916,-0.15648599,0.07550275,0.00023937784,0.037458472,-5.4268,-3.531188,0.46006745,-0.15397897,0.06020552,-0.098715134,0.9053536,0.5510358,0.45467877,0.08278665,0.33854055,0.39689326,0.010231182,0.3107835,0.38331914,-0.10284823,0.3711514,0.0140583515,0.4799201,-0.40010515,0.51199603,0.11468205,-0.09593624,0.4458591,0.2737131,0.036679372,0.29385415,0.008478012,0.11127311,0.30006862,-0.11842559,-0.030184582,-0.06907822,0.32175946,-0.039140847,0.23984143,0.011128053,-0.08024587,-0.018442169,0.035104018,144.26329,55.7783,31.369057,17.874962,15.169677,9.476473,19.171045,13.478162,11.994873,7.9310513,8.069882,11.208711,6.270696,6.901687,8.826713,8.828008,6.5842075,4.5953918,9.791966,5.861746,8.402203,8.041961,5.863001,6.5147986,3.7339516,3.8297489,6.327455,2.5924065,4.1099186,4.4503236,5.1113486,4.2949147,3.8364005,3.8083482,2.875385,3.8633997,2.7163427,4.6340694,4.6606474,2.3526483,31.08148,12.178108,6.2256527,2.6826456,2.6468294,1.8342028,3.5658097,1.9988902,2.8437638,1.0576749,1.3517314,2.2731552,0.9580563,1.04174,1.5812783,1.6225841,1.1728492,0.7668563,1.4995725,0.9765869,1.5545623,1.5939245,0.81591225,1.1503992,0.64122605,0.67291623,1.0360795,0.34513906,0.8461296,0.8504597,0.7877086,1.0979354,0.5620911,0.6946136,0.46718842,0.84034806,0.41146135,0.85203606,1.0363376,0.33621803,20.967205,6.5990753,3.2574282,2.2854874,2.360514,1.2058691,3.6002457,1.6502364,1.4121171,0.77836776,1.0502232,1.3030907,0.82897836,0.91922873,1.0926334,1.0676574,1.1447233,0.5416368,1.1800116,1.097937,1.2230358,1.2790971,0.89390856,1.0373144,0.56494796,0.58298725,1.12011,0.31869903,0.36385202,0.57230455,0.6131341,0.65710545,0.5689891,0.6631474,0.45382127,0.6350139,0.30468497,0.5204544,0.6544292,0.35172427,Vu_Hoang_Viet
-262.35773,107.11717,14.1714,11.582815,14.418911,9.304673,2.1118224,16.276499,0.527465,-1.7147547,-11.0357895,1.5044724,-6.6873994,4.562546,-6.886136,-3.3728974,-1.5891042,7.823514,-17.494709,4.535783,-5.710016,-7.4666233,-1.0519128,-11.799231,-6.923483,-2.3916092,-5.9879274,-1.7887323,-2.8640404,-5.2722883,-0.2697311,-3.0345304,-5.215137,-4.273985,-4.1080427,-2.8444972,-5.543148,-2.3442965,-5.6669717,-0.084989876,-1.6980321,-1.8087265,0.8919245,0.03826657,0.04303676,-0.20339562,0.64512426,-0.6706411,0.32981786,-0.83426565,-0.14112541,-0.59207785,-0.040092297,-0.26433268,0.24537426,0.29587728,-0.26303768,-0.013044007,0.32304338,-0.44637176,0.34202528,-0.08100594,-0.46014243,0.46720913,-0.17483482,-0.20004849,0.43695223,-0.29807085,0.14875445,0.37530953,-0.32336923,0.48569304,-0.1417326,-0.23076254,-0.0609062,0.06936622,-0.052087486,0.12105012,-0.19722383,0.11654676,1.4421492,2.0365615,0.20972566,-0.22042036,-0.20295173,0.02793391,-0.013784334,-0.6786961,0.31654897,-0.4244359,0.037542086,-0.85775506,-0.014828101,0.044056065,-0.1833246,0.47785595,-0.1309323,-0.39435783,0.12450046,-0.027485728,-0.47134036,0.6414937,-0.518422,0.014976375,0.109354235,-0.2651142,0.4286239,0.19747835,-0.26361036,0.334269,-0.28186634,-0.22436076,0.09670837,-0.30627847,-0.035440575,0.09689312,-0.07067723,-0.052338213,0.022049718,-0.01364987,117.874245,44.927372,20.005611,21.85522,22.697313,15.886511,8.031481,14.362534,17.07399,9.130557,11.551996,10.991603,8.099774,5.4929104,7.667161,12.136576,5.781816,9.796787,15.126035,8.7903185,8.580661,11.666406,12.230591,10.289727,4.597078,4.479857,7.0146136,5.524548,4.9508266,8.731772,5.560168,5.371915,5.41297,5.2794414,4.0563984,4.5033793,3.3224635,3.634013,6.4625487,2.5361993,23.293657,6.603357,4.046211,4.6238003,4.4296513,3.4091036,1.6348735,2.5792563,2.965344,1.7388103,2.3717992,2.3990371,2.2483652,1.2823349,1.7449212,2.8936214,1.2173979,2.483773,2.9570181,1.6782179,1.8016074,2.4966784,2.3525891,1.9953502,0.9011287,0.86170197,1.0223597,1.3518814,0.7410543,1.6190859,0.9959283,0.80432254,1.5004586,1.131736,0.9935785,0.8756988,0.5899455,0.58487695,1.4172964,0.40267217,10.83078,7.426258,2.6231039,2.727143,3.0399065,2.3051815,0.99349344,2.5627387,1.38168,0.7616746,2.047476,1.333711,1.2755598,0.56143767,1.2517968,1.802755,0.94922984,1.1474422,1.6647035,0.9297011,1.0961205,1.7471446,1.7834251,1.0255266,0.44551638,0.75439674,0.955601,0.46526808,0.80353004,0.7481592,0.9219675,0.5717481,0.59373206,0.51223236,0.5804673,0.6392262,0.4991491,0.60316783,0.8594602,0.2424533,Vu_Hoang_Viet
-311.51352,99.9886,-15.101894,19.912811,15.880441,-8.21499,9.728666,11.657639,6.8999743,13.158178,-7.35682,4.9452457,-2.744711,3.718617,-0.96390045,-1.2477736,-5.140878,3.7121813,-2.6901956,-2.337913,-1.1758454,-4.801311,-2.1199455,-0.8164846,-4.4981422,-0.7733201,-3.4187307,0.384672,-3.2077584,-2.0529468,-2.265964,0.09285848,-2.7962885,-3.5572677,-5.637188,-1.0222464,-3.9268234,-2.571154,-4.246871,-1.9069712,3.6798735,0.13128765,-0.56750005,0.44587266,0.55028504,-0.34185293,-0.58943254,-0.045494527,-0.18047604,0.009515151,0.2689162,0.08401026,-0.31760025,-0.3120099,0.2583341,0.11750151,-0.2041058,0.069485225,0.11280464,0.08292132,-0.28554946,-0.11898764,0.117335744,-0.084487565,-0.11063848,0.26331094,0.19796777,0.17667514,0.17939022,0.1898977,-0.13007446,-0.25503334,-0.1392183,0.1578303,-0.08699186,-0.066407196,-0.025956381,-0.06587317,-0.06993932,-0.071322955,-1.6513506,0.8761822,1.057523,0.10649808,0.09979718,0.12712286,-0.0913476,0.32775494,-0.14904705,-0.10779148,0.17040652,-0.067160636,0.30478942,0.027888522,0.31836808,0.033012882,-0.09210966,0.11177781,0.092696615,-0.18103367,-0.054117993,-0.011259481,-0.00042246282,0.102691665,-0.06214715,0.022563417,0.02822486,-0.063822575,0.07966524,0.030988406,0.043275326,0.04323867,-0.015224643,0.003732331,0.04756426,0.030397655,0.13000938,0.08307127,0.092923835,-0.17186283,186.68813,17.419918,36.754833,24.906096,12.064504,19.04842,16.280197,8.394863,9.674103,7.4423833,12.405575,9.1987095,9.079943,5.06177,9.517106,5.4100227,6.5705385,4.1856894,6.9451942,7.7259183,4.8078246,4.1440496,4.4219,4.0117764,5.190728,5.099865,6.389077,2.946453,3.9142919,3.8501635,4.021803,3.4354708,4.579817,2.761205,5.297438,2.1568422,2.9126856,3.4836223,4.0530634,3.598174,40.247322,3.0482738,7.093351,5.0411825,3.0197198,4.223544,3.8849504,1.968134,1.9788408,1.2938784,2.1743228,1.9716043,1.9879035,1.1410263,1.4915643,0.916437,1.386235,0.94293064,1.567514,1.543941,0.8917838,0.86362016,0.71232116,0.8489477,1.0618474,0.9222091,1.0622846,0.52019846,0.58464104,0.7488826,0.7252586,0.7273156,0.98620003,0.52587265,1.0503273,0.39631474,0.6181149,0.70539445,0.7363234,0.6060166,9.512134,2.5262167,3.2575839,2.24533,1.4757408,1.7544113,1.702856,1.5658234,0.7900049,0.950418,0.9956648,0.8836979,0.575221,0.84393656,0.8361015,0.38744405,0.7279338,0.67659646,0.679091,0.8006251,0.51545197,0.53625566,0.32414955,0.4782603,0.53558254,0.6383657,0.52235746,0.34122247,0.43424642,0.35905004,0.5258864,0.50936824,0.5708571,0.34701708,0.30196017,0.25698096,0.45579362,0.741038,0.32671288,0.59637046,Vu_Hoang_Viet
-339.5033,110.72262,-9.331933,11.215418,18.035316,4.938608,6.0515566,5.2424493,8.162205,17.698927,-3.1292849,-2.725534,2.1869235,2.5681353,-2.2668223,-2.1779647,-2.644436,6.0197134,-1.9766059,-0.4731353,0.5353018,-2.7798662,-2.9198604,0.440239,-5.436568,-1.4327011,0.98814416,-1.4107425,-1.5547664,-1.6190658,-1.8762271,1.5132223,-2.4039044,-2.023684,-4.7717776,-0.82481,-3.5133705,-2.399655,-4.253543,-1.8323481,-2.4992163,-1.1646956,1.1863575,0.6067109,0.42441767,0.8534911,0.4686231,-0.12691416,-0.27830356,0.008325435,0.28441435,0.13201682,0.109331384,0.06833787,-0.17596911,0.08139607,0.26369154,-0.14312087,-0.28957215,-0.09707402,0.006211169,0.0016263109,-0.15887076,-0.1645598,0.1486004,0.1406569,-0.07032667,-0.061091777,-0.15298948,-0.2074428,0.026539542,0.2793417,0.25757676,0.08209738,0.052207008,0.09959948,-0.027544335,-0.11377394,-0.012600698,0.043465886,0.12514114,0.17287287,-0.089298666,-0.105957136,0.18200207,0.13542315,0.060318448,0.08305003,0.13236502,0.086777315,-0.1241826,-0.15408087,-0.03643079,0.088257104,0.124773294,0.008254945,-0.05753641,-0.061987683,-0.032998197,0.069579795,0.01770252,-0.048824348,-0.11493113,-0.11345233,-0.18628965,-0.17959729,0.031640366,-0.003850773,-0.032671914,0.020406293,-0.111799315,-0.1761113,-0.12832151,-0.19236752,-0.0863386,0.043511175,0.09094545,0.050663233,-0.04661861,-0.009040151,197.88077,32.551876,34.436275,14.111699,9.546276,13.484,8.669523,10.649786,11.040924,11.033397,12.013337,13.096733,8.574625,5.989435,9.55125,9.262006,6.5190873,5.346532,9.644881,5.413659,3.3661094,4.955338,5.0641036,3.1388042,6.1517344,3.8582695,4.1915393,3.2421856,3.4367588,3.0992336,3.2918792,3.7628102,4.7361193,3.191019,5.065926,2.0784903,2.3624175,2.3761883,5.7725067,2.5395567,39.266758,7.5225067,7.141253,3.1915388,2.0021217,3.040822,1.7570318,2.3395932,2.1792922,2.384338,2.4811828,2.7270837,1.5909373,1.0177479,1.7869018,2.0337927,1.3825184,1.2672645,1.847962,1.1745379,0.67454255,1.2591721,0.9602721,0.53755313,1.2620946,0.8700242,0.70956075,0.4982512,0.60488033,0.6227868,0.6363191,0.7019483,0.9580719,0.5992354,1.0212709,0.39611295,0.35820284,0.29939544,1.106176,0.33679032,14.374011,4.532513,3.2411613,1.472191,1.3397082,1.5535009,1.3039063,1.0267264,1.4859161,0.9350316,0.758849,1.2117274,0.84943044,0.6860001,0.6388925,1.1774739,0.71567994,0.6357513,0.85403806,0.52076656,0.51559114,0.5722915,0.5256432,0.5188622,0.7673167,0.6567224,0.5045936,0.43698907,0.4800726,0.4848938,0.37036154,0.48818716,0.43082002,0.6421602,0.61555815,0.2738798,0.2677207,0.2646883,0.6735764,0.44291943,Vu_Hoang_Viet
-424.4215,119.95552,30.967312,28.869896,2.0149832,9.544537,19.988789,-0.57419467,4.0225472,10.072977,-2.443588,-3.5845819,3.8679056,0.88829654,3.618402,2.463563,3.4201071,4.7564087,-1.1711032,1.7826941,-2.6235955,-4.712041,-1.0808839,-2.4292405,-1.4003153,-2.3376853,0.35616064,-1.1801925,-2.8997784,-0.15015996,-1.9721332,2.482116,-0.08730216,-1.0304533,-2.6126468,-0.95913094,-2.6131601,-2.9311864,-2.4310374,-1.6186074,-0.23408514,0.60561085,0.5644001,-0.33549255,-0.04364585,-0.27450287,-0.49680758,-0.08321933,-0.018451214,-0.18750575,0.05252201,0.022771217,-0.38032645,-0.145446,0.0755742,-0.016647957,-0.08979006,-0.20091027,-0.14503762,0.23649447,0.5054358,0.15493216,0.16721761,0.34619632,0.115848824,0.12238695,0.0016319081,0.124959886,0.27527907,-0.014096007,0.1514788,0.24781686,0.025465155,0.021328252,0.043906946,-0.030577771,0.036434755,0.17305663,-0.09674923,-0.2048642,-0.5081898,-0.32186323,0.14587834,0.19551021,0.24993238,0.16041262,0.04445515,0.07384198,-0.124383494,-0.12646091,0.0138158575,-0.15962675,-0.15975797,0.001208201,-0.09335654,-0.17263809,-0.08300332,-0.011542767,0.05797396,-0.066940315,-0.15766703,0.033848368,-0.050898246,-0.100394756,0.086321324,0.053235848,0.05156669,0.07042279,0.067412734,0.13399798,0.05384004,-0.008579832,0.111564524,0.19444531,0.100250095,0.0039615706,0.0235991,0.10022698,0.10718663,0.0004041195,115.702225,51.536827,11.270284,14.054215,27.82752,14.65851,12.422498,13.99009,13.8982725,7.6754246,12.112007,12.284026,8.9740715,7.236899,4.932469,5.7704344,4.4889064,4.150615,6.2417126,4.0392385,7.894612,6.1608796,3.6265786,7.94924,5.499507,4.8558187,4.30572,5.968236,4.354854,4.386109,4.998344,4.4435234,2.829475,3.8126397,2.710407,2.9833403,3.770914,3.5982568,3.4786975,3.7300255,23.297226,10.064989,2.4408097,2.4584491,5.9075594,3.5003564,3.0862854,2.6252537,2.5146365,1.2997288,2.5586607,2.4836671,1.886516,1.192864,0.9642983,1.0604017,0.7608852,0.8347214,1.116233,1.018377,1.7854509,1.3069476,0.78621644,1.751215,0.97467,1.1219438,0.8601758,1.2409561,1.1257902,0.9313147,1.0846144,1.0972422,0.4960746,0.502873,0.53989446,0.5314164,0.9175189,0.7084542,0.505929,0.77527106,8.642984,4.052102,1.628869,2.1609006,2.50562,1.7974993,1.0868689,1.2394478,1.3615801,1.1171007,0.9853413,1.0951152,1.3825914,0.68157786,0.8689467,0.7916872,0.63669765,0.51942235,0.7301901,0.70429575,1.0793494,0.46058443,0.47917786,0.82019234,0.72451776,0.74638397,0.7143429,0.92387724,0.37525368,0.7625268,0.60903156,0.68485385,0.38151422,0.555672,0.35834724,0.34087485,0.46737513,0.5681925,0.36858064,0.47430465,Vu_Hoang_Viet
-383.82126,119.34262,-4.982477,25.33522,10.887124,12.094226,18.199913,1.5050966,-2.4622142,13.848523,1.4468218,-7.344406,-1.9007105,1.7169892,1.9375626,2.8494153,1.1663066,2.6053011,-0.61552215,-1.5960633,-4.2125034,-3.1738596,-5.254927,-1.6717291,-3.481933,0.80121076,1.180776,-0.18237752,-1.3328271,1.7013369,-1.0189232,0.51625884,-1.5548825,-0.91522,-4.7288637,-1.2100319,-1.0945109,-2.9841146,-3.8607557,-2.1162329,-0.51617694,0.3205527,-0.040640086,0.033344746,-0.4031638,1.2486365,1.5949681,0.35553282,-0.020884097,0.14021169,0.02715303,-0.674091,-0.39647216,-0.19026217,0.3007361,0.27126944,0.15934855,0.18648781,0.14201526,-0.031646248,0.021464437,-0.12732583,-0.25829825,-0.16480654,-0.22963165,-0.30356622,0.26485622,0.04168721,0.008349683,0.18772736,0.070184216,-0.058880217,0.08070022,0.13647261,0.13574271,0.20042664,-0.052425034,-0.1773028,0.14807005,-0.09870302,-1.0594513,-0.18334442,-0.20114379,-0.5025232,0.34390864,-0.3381981,-0.42641315,-0.02062343,0.3479768,0.38710606,0.11898473,0.1473898,0.14880094,0.21942657,0.19308418,0.1769831,0.075577855,0.112883165,-0.0018678047,-0.044244543,-0.023540705,-0.12208498,-0.015394382,0.068586975,0.16489066,0.1313782,0.07327431,0.07770099,0.06927932,-0.0173347,0.062051132,0.0659696,0.01990179,0.0732323,0.11803176,-0.03257051,5.145371e-05,0.12712152,0.1806984,0.0067655146,164.37416,41.05481,32.165375,21.215967,8.497289,17.537971,16.695736,7.4203224,14.970133,6.2579284,5.1135697,13.215412,7.8051972,6.252488,8.280637,4.7289453,6.695179,5.0121355,3.5195246,4.7895675,6.505489,3.7999434,6.4873877,4.1807237,5.793829,4.2404723,4.0622034,2.6164546,4.384389,2.7386744,3.8109307,3.2257543,3.5609102,3.1434007,5.5468717,3.3069844,2.6283338,4.1402497,2.7692657,2.1838367,35.862926,7.608425,7.70762,5.050489,1.6450843,4.4049892,3.9793046,1.2422467,2.7107086,1.1418808,1.1425228,1.9284239,1.3593162,1.0110974,1.8304265,1.0335257,1.4952433,0.9530748,0.69422907,0.89239615,1.3353511,0.65622276,0.93103456,0.70689374,0.7371987,0.575035,0.9077297,0.32591307,0.96183854,0.5983954,0.746095,0.69860643,0.7476384,0.75445163,1.1989367,0.756366,0.4603774,0.6511032,0.5611465,0.3245042,10.643549,2.9235,3.840292,3.30423,1.4115149,1.7574116,1.6918153,0.65734655,1.5974368,1.1607244,0.6971063,1.1774099,0.8881328,0.8583783,0.55339456,0.55956703,0.68499386,0.7297129,0.4824632,0.39814326,0.8915247,0.540825,0.47127295,0.40386537,0.3660548,0.6349326,0.5318748,0.3892579,0.4165097,0.38758713,0.38471514,0.40809742,0.37830192,0.49773464,0.35188484,0.52380353,0.46024466,0.5281195,0.40472624,0.28717312,Vu_Hoang_Viet
-307.3177,103.95539,-7.6868362,11.525061,3.3916943,9.40492,-5.925693,6.976468,7.8716717,8.65699,3.7152448,8.0326,-3.483108,5.2456555,2.156385,-1.2685263,-2.4131994,1.6944067,-3.8799462,4.293326,-1.9003794,-0.88136005,2.062038,0.4002127,-1.0693098,0.24986345,1.4368107,1.7104989,-1.5143522,-1.6214402,0.397624,2.3828087,-0.57449436,-0.049529918,-2.9431531,0.044709444,-1.5467782,-2.7725132,-3.7653499,-0.97332174,10.121803,5.8988247,-0.7869123,-1.1618018,-2.7394526,-1.070097,-0.31349224,0.6005192,-0.7519342,-0.34515306,-0.6840154,0.3137136,-1.160093,0.29531243,-0.27414656,-0.92548466,0.07264936,-0.11375174,-0.35048962,0.16657317,-0.39023948,-0.48398727,-0.11209176,-0.3208976,-0.032392025,-0.28937897,0.33393592,-0.35585833,-0.03018816,-0.31423625,0.019824218,-0.17008355,0.04569142,-0.052208513,-0.09749095,0.27357242,-0.0066600293,-0.24583596,-0.03504008,-0.015280267,-5.891515,-1.1978841,1.7247511,0.17410219,-0.20392253,-0.6540559,0.5800626,0.11235914,0.2941496,0.13944823,0.043542236,0.001983881,0.4310354,0.3040076,-0.020460166,0.34781563,0.20560813,0.21025516,0.17713359,-0.07062687,0.14277022,-0.07912746,0.048064772,0.24576445,0.025001653,0.10035677,0.45911327,-0.15778086,0.097027645,0.037300784,0.27316895,-0.04121904,0.19918264,-0.024863191,0.14656988,0.1970844,0.13083705,0.05388245,0.109136015,-0.055943042,143.43265,60.21084,27.479658,19.807201,21.46788,11.7348,11.728113,7.3713784,10.95255,5.9409714,6.649448,9.459848,11.279536,6.5888047,5.210596,7.9912605,4.4772816,3.6988192,4.882776,5.177112,5.6422887,3.8277833,5.1375523,6.187796,3.7428155,3.5063832,5.5069056,4.532937,4.1437035,4.3676124,4.370958,3.2410138,4.4053154,2.6862805,3.43564,3.3311496,3.796364,2.9573429,3.139086,2.3278008,24.774466,15.063799,5.673161,2.6144166,4.306325,2.3280485,2.937419,0.993127,1.6737531,1.160198,1.2586385,1.7813283,1.760174,1.2000215,0.5067642,1.2432314,0.8760746,0.5886781,0.7654794,1.0983635,0.7333862,0.55366606,1.033149,0.8240958,0.6119163,0.5717141,1.0667955,0.75546384,0.7635959,0.51886183,0.6248786,0.58270466,0.74722576,0.5672263,0.52165407,0.72448117,0.8353285,0.58746976,0.6443531,0.2794043,12.371217,7.703611,4.0350323,1.5848136,1.1493825,1.6658944,1.1441406,1.1516457,1.0407904,0.63745856,0.89562434,1.1274725,1.2340081,0.8383155,0.57105154,1.2441924,0.68425596,0.6006797,0.36009187,0.51935655,0.6266577,0.22973305,0.5878906,0.8173156,0.3804265,0.44357163,0.8424058,0.35343286,0.42731768,0.3305655,0.6384329,0.28551015,0.67316604,0.27534845,0.44325355,0.59859854,0.5210211,0.34171218,0.34500578,0.2865675,Vu_Hoang_Viet
-474.2423,111.70237,19.859085,17.3102,2.9221668,12.4756775,10.219924,6.2474804,4.443575,9.986143,4.9104457,7.4704475,3.2812102,4.2581644,2.1792488,3.4114828,0.37427193,3.6796556,0.4975199,2.2311766,-0.11740619,0.11723125,0.48632896,0.96546793,-0.29561993,2.1543324,0.92437327,0.44011098,-1.5308855,-1.2556945,-1.2480872,2.625618,-0.88612384,0.35075545,-1.4997644,-0.5586324,-1.8106391,-0.31418288,-1.8410175,0.43813032,-2.477263,-3.8297307,-1.879351,-0.53177726,1.674389,1.113553,0.11125569,0.47006962,0.15331984,-0.40182704,0.22945783,0.108046085,0.477695,0.122256525,0.12348037,0.023201011,-0.1463424,-0.28589067,0.28058034,0.029752545,0.46137214,0.44762117,0.22051486,0.6461921,0.48366156,0.45503536,0.12441221,0.2531662,-0.4610766,0.43864724,0.2994201,0.12016914,0.32988063,0.21825904,0.1258926,0.28662288,0.15440533,0.0666759,0.13609383,-0.18554531,6.60377,0.96911156,0.29098603,-0.20599325,-0.65000564,-0.5712254,-0.017045617,-0.31334984,-0.33892348,-0.21489769,-0.38307238,-0.27987662,-0.2220908,-0.048920825,-0.251539,-0.38134247,-0.18347862,-0.09749941,-0.08189495,-0.01739502,0.013717741,0.0061631203,0.24182743,0.032970063,0.016245559,-0.10592962,0.031763166,-0.098844185,0.19538152,-0.062490325,0.021799922,0.028880976,-0.03541223,0.057692885,0.019587178,-0.084889784,-0.0032746159,-0.059163664,-0.09255641,-0.04046832,84.47731,39.084538,19.005846,9.969901,16.980593,12.000034,4.5579114,7.1488333,5.6917553,5.362644,7.7351837,6.5737977,7.08898,5.907263,5.6947765,5.6683984,3.9784071,3.1956196,3.3861094,3.0348248,5.516645,5.272206,4.5627646,5.390358,3.852081,4.009723,2.6215217,2.9073074,4.750391,4.359682,3.4279177,2.1683738,3.67125,2.7543187,2.471606,3.2717216,3.151343,2.5678062,3.4354267,2.986581,17.61048,5.7045164,3.9511166,2.4201756,1.9429464,2.2734108,1.050923,1.3553681,0.7960567,1.0000784,1.6814562,1.557586,1.4085814,1.2767361,1.1132582,1.0460491,0.94112337,0.51297164,0.6977294,0.61012083,1.3118026,0.8967979,0.81769174,1.0490844,0.75234926,0.5928303,0.32219225,0.6555757,0.8405877,0.86438334,0.22994296,0.26192582,0.42835736,0.4991692,0.39743164,0.69193214,0.61040276,0.41102067,0.28347737,0.4781785,8.327759,1.4697498,1.293337,1.4065868,1.4468706,0.84664303,0.559889,0.61639327,0.70350605,0.7964518,0.70907223,0.5363522,0.6856067,0.9275109,0.74655503,0.74860007,0.62718695,0.44199827,0.52978665,0.5115264,0.5854679,0.4681521,0.877099,0.58018714,0.52882814,0.48944736,0.39188823,0.33952805,0.33464733,0.46137357,0.28461108,0.17434724,0.30816245,0.49981046,0.35992977,0.36022562,0.3633753,0.38238004,0.5385367,0.37850013,Vu_Hoang_Viet
-366.64096,106.31242,21.915562,32.354214,9.247363,7.6267576,18.723625,5.154306,4.0207615,11.287806,3.743126,3.8623242,0.42746556,6.359562,1.6063263,0.44645405,0.5541455,4.5075774,-2.841404,2.0049179,0.054258943,-1.1905091,-1.1014823,-1.0141119,-2.3353362,-0.47131208,-1.0088797,-0.06339139,-2.3042948,-0.43242836,-0.6829401,-0.018289119,-2.1684294,0.9818847,-2.5924692,0.7848033,-1.8671007,-1.9799224,-2.620467,-0.7208043,-14.689049,-2.8528924,1.9755914,1.6646981,1.4752166,0.01835955,0.24590823,0.28659424,1.0256077,-0.083783455,-0.31817663,0.39322802,0.6491465,0.3266718,0.40133744,1.0322328,-0.043358315,0.36342573,0.20165265,-0.14081542,-0.13493887,0.17367011,0.078430235,-0.537143,0.37122184,-0.09785908,-0.055798315,0.0066245236,-0.2975732,-0.005077742,0.28940517,0.09623858,0.103971496,-0.33156234,-0.029540822,0.068059176,-0.009918813,-0.14690891,-0.030891135,-0.13640368,-0.53982425,0.6092932,0.8486056,0.2681933,0.07459068,-0.03610947,0.46738857,0.18620539,-0.40471178,-0.5010897,0.06544712,0.11820497,-0.24139586,-0.121865496,0.059899528,0.032819115,-0.0019961428,-0.07967438,-0.08327988,-0.260925,0.26548314,-0.09525342,0.011721861,-0.07182343,0.09494791,-0.061064012,0.024742663,0.090910584,0.063847825,0.05583158,0.047171324,-0.04892967,-0.019708239,-0.025378767,0.11205534,-0.110465825,0.08668152,0.054755013,0.08587119,0.004245259,189.20398,36.016747,24.176271,28.791784,15.389507,17.922958,10.58378,12.582809,13.193054,7.1040864,6.769111,5.7894163,11.521734,4.7022753,7.4740987,9.799143,5.800947,5.6651554,6.9951296,5.113335,6.240836,3.859599,3.91643,5.482455,5.307807,3.7451057,3.8615599,3.1113627,4.601776,2.9558985,2.723914,3.2491622,3.6086016,4.341883,3.9760013,2.88051,2.3878715,2.8315809,3.0402946,2.477061,17.44993,5.5966663,4.79981,7.4651084,1.7873024,4.1429124,2.3385148,2.3043296,1.8561221,1.1070478,1.8300811,0.94967335,1.6091847,0.97026736,1.1334549,1.9107451,1.3506179,1.4314774,1.1096295,1.0156324,1.2874949,0.5085542,0.81905985,1.5586122,0.7682714,0.8369152,0.96912897,0.6787929,1.0103086,0.55026555,0.40094194,0.5485003,0.5696062,0.5813974,0.7161072,0.6034037,0.41588613,0.5072378,0.5152243,0.48677242,7.8088117,3.4298809,2.8304834,2.658736,1.3372341,1.9287153,1.5271595,0.9636393,1.4181325,1.6777635,0.74933445,0.79234505,1.0088017,0.31020918,0.4398619,0.6993549,0.6549155,0.75081867,0.47273326,0.7850143,0.69985765,0.39915556,0.4752377,0.6492044,0.62014383,0.4506573,0.4273722,0.43721995,0.4382931,0.49143523,0.51091427,0.461929,0.453144,0.39761257,0.34067512,0.29534793,0.3675078,0.2967113,0.31450066,0.41445458,Vu_Hoang_Viet
-369.24484,105.76668,-0.2683006,12.151851,14.67504,15.751131,11.380815,8.139461,3.7223465,7.50039,2.1865704,1.5085973,-1.780687,6.0904546,3.9117079,-2.0560646,1.9504148,4.8703957,-3.2378883,-1.7245214,-0.5000764,-4.287208,-2.0646343,-2.5817657,-2.3465745,-0.452399,-0.69429374,-1.3853258,-3.992874,-0.0524984,-2.2706735,1.4981532,-1.0443162,-0.00329794,-3.9294305,0.029922366,-1.7435988,-2.359678,-3.251679,-1.3987726,5.245155,0.57807636,-0.6049905,-0.64941,-0.30158395,-0.040552452,-0.4756884,0.3023889,-0.058355227,-0.38754103,-0.20772246,-0.10732764,-0.28566587,0.101116866,-0.032974593,-0.40403768,-0.24760263,0.01765468,-0.2768411,-0.15360923,0.064847045,0.0016303062,-0.021302707,-0.063024126,-0.0638763,0.03216071,0.038637847,0.26165658,-0.061042316,-0.100186795,0.15349439,0.3606289,0.1456573,0.03572686,-0.25611302,-0.20439294,0.06928107,0.29676998,0.13354826,-0.1214177,1.3334739,0.7295682,0.2854644,-0.032380596,0.3044734,0.23355706,-0.08454849,0.23663323,0.08963007,-0.19360855,0.019171685,-0.04264676,-0.031825647,-0.16988266,0.12919673,-0.18563315,0.08041582,0.05455132,-0.26371086,0.10502609,-0.01457167,0.006729722,0.025362223,0.03879312,-0.06769477,0.11123127,-0.09729899,0.011197522,-0.04173351,0.046320118,-0.002681274,-0.057916522,-0.048283245,-0.04777771,-0.02479462,-0.08626927,-0.106497616,-0.0146164745,0.0403389,0.0008267462,196.66295,36.63211,35.762417,18.465559,12.052481,10.704391,15.877253,7.7772355,11.960967,7.6074057,7.4156065,6.374066,9.976688,5.152255,6.9238005,12.107935,3.669655,3.8031569,7.651102,5.6241493,4.7133837,5.9987707,4.6405954,4.871051,4.5529876,4.01679,5.065635,4.116996,4.8855324,2.4178681,4.8090253,3.6833913,4.0970287,2.9725637,5.988097,3.0622208,3.0814342,4.851312,3.3853297,3.253311,45.538696,7.380247,7.8332615,4.6532836,2.7418365,2.1205616,4.064441,1.6056345,2.4438496,1.4480242,1.5328772,1.2317284,2.171577,1.0136713,1.5728799,2.8100932,0.7507251,0.43846998,1.6044134,1.3106806,0.84968394,1.1811044,0.87479794,0.86982465,0.8685988,0.6688258,1.1348681,0.79123354,0.9850774,0.2701246,0.7841034,0.64724594,0.7861439,0.51037407,1.2383513,0.5149668,0.53335357,0.9144579,0.6655122,0.5301215,16.65583,4.1305676,2.499044,2.1175745,1.2306061,1.3688377,1.5888948,1.0468918,1.4200922,1.1852868,0.6301717,0.785661,0.78710604,0.6571959,0.7220592,1.4481531,0.3235057,0.6210921,1.0960779,0.7926643,0.43159783,0.5857134,0.5755947,0.4317272,0.6391162,0.54865587,0.6530283,0.5880918,0.55582017,0.3061946,0.27453077,0.47384626,0.41690764,0.39062476,0.5374025,0.37313658,0.32019195,0.67359686,0.35477248,0.3762868,Vu_Hoang_Viet
